井深_m,领浆平均浓度,尾浆平均浓度,水泥平均浓度,前置液隔离液平均浓度,冲洗液平均浓度,平均有效顶替效率,钻井液平均浓度,宽边有效效率,中线有效效率,窄边有效效率,宽边水泥浓度,中线水泥浓度,窄边水泥浓度,宽边前置液隔离液浓度,中线前置液隔离液浓度,窄边前置液隔离液浓度,环空间隙_m,偏心度指标,居中度
7868.0,0.0,0.0,0.0,0.0,0.0,0.0,1.0,0.0,0.0,0.0,0.0,0.0,0.0,0.0,0.0,0.0,0.03834725289821077,0.78,0.22
7858.088353413655,0.008846431584037457,0.00756478324087953,0.016411214824916986,0.0015104985733827815,0.0,0.016411214824916986,0.9820782866017008,0.008624185839433572,0.02309858505957656,0.022488809625187456,0.008624185839433572,0.02309858505957656,0.022488809625187456,0.000496706890347792,0.0022460991619739487,0.0029778844659222124,0.03834725289821075,0.7782300631095812,0.22176993689041882
7848.176706827309,0.01850995424973617,0.015248820248664577,0.03375877449840076,0.003270733235184584,0.0,0.03375877449840076,0.9629704922664143,0.017013010575587732,0.04299289545538982,0.0389648852776453,0.017013010575587732,0.04299289545538982,0.0389648852776453,0.0010051258459982193,0.004370076301604571,0.005132104839516299,0.03834725289821077,0.7764601262191624,0.22353987378083762
7838.265060240964,0.0359727889752915,0.02808278757650523,0.06405557655179672,0.007278606050017922,0.0,0.06405557655179672,0.9286658173981854,0.024916718627204425,0.09953957628099144,0.12104900321144967,0.024916718627204425,0.09953957628099144,0.12104900321144967,0.0015271027210166522,0.011571483826305434,0.019940225857920463,0.039505419242264785,0.7746901893287436,0.22530981067125644
7828.353413654619,0.05089513621967661,0.043603165720772386,0.094498301940449,0.009839898268450428,0.0,0.094498301940449,0.8956617997911005,0.032056663766524225,0.15050884023186406,0.19366558469177128,0.032056663766524225,0.15050884023186406,0.19366558469177128,0.0020441231108135134,0.013869413481525603,0.033444180801177004,0.04612198067079613,0.7729202524383247,0.22707974756167523
7818.441767068273,0.06301375175658047,0.05763347611475358,0.120647227871334,0.011668229672601593,0.0,0.120647227871334,0.8676845424560641,0.03818482941976613,0.19169704324658493,0.2594205811250748,0.03818482941976613,0.19169704324658493,0.2594205811250748,0.0025297723314165322,0.014459322812691125,0.04614842207254292,0.0516426608873934,0.7711503155479059,0.22884968445209405
7808.530120481928,0.0732745966760988,0.06979135885355209,0.14306595552965087,0.013116479134960342,0.0,0.14306595552965087,0.8438175653353885,0.04310798613836084,0.2289047704698933,0.3163362879333679,0.04310798613836084,0.2289047704698933,0.3163362879333679,0.0029533066107692205,0.0147205335659935,0.05794818567179269,0.0512885139884671,0.7693803786574871,0.23061962134251288
7798.618473895583,0.081838798589189,0.07979244075296585,0.16163123934215484,0.014303817967179375,0.0,0.16163123934215484,0.8240649426906659,0.04669590784339812,0.261367789858186,0.36318477961577883,0.04669590784339812,0.261367789858186,0.36318477961577883,0.0032759732848505,0.01483415832585722,0.0688948780785748,0.05075638416154391,0.7676104417670684,0.23238955823293167
7788.706827309237,0.08873675109148965,0.08731295263657562,0.17604970372806522,0.015316506709599718,0.0,0.17604970372806522,0.808633789562335,0.048942272774066355,0.28887119808978146,0.399623418753573,0.048942272774066355,0.28887119808978146,0.399623418753573,0.003461373326528962,0.014990803020882551,0.07912629661518956,0.049125313232686214,0.7658405048766495,0.2341594951233505
7778.795180722892,0.09571812734844495,0.09339592591896542,0.18911405326741038,0.016693853272569267,0.0,0.18911405326741038,0.7941920934600205,0.04995259695856723,0.3185227802332996,0.42591577706848766,0.04995259695856723,0.3185227802332996,0.42591577706848766,0.003513645520344557,0.016249221225132324,0.08879716689888405,0.047724946691896766,0.7640705679862307,0.23592943201376929
7768.883534136547,0.10343458373752512,0.09854975301834452,0.2019843367558697,0.018612719793755922,0.0,0.2019843367558697,0.7794029434503743,0.050944035876618145,0.35226462896376454,0.44280572737515206,0.050944035876618145,0.35226462896376454,0.44280572737515206,0.003544061374747383,0.018994382497026178,0.09793944249511055,0.04799180386221447,0.7623006310958119,0.2376993689041881
7758.9718875502,0.11032951936355023,0.10208242670434889,0.21241194606789915,0.020534210193328253,0.0,0.21241194606789915,0.7670538437387724,0.051851037259800836,0.38240869637858355,0.4513716730266609,0.051851037259800836,0.38240869637858355,0.4513716730266609,0.0035541434284359027,0.021993438166163212,0.10646376171536327,0.047787058012563374,0.7605306942053929,0.2394693057946071
7749.060240963855,0.11637694402658046,0.10427289723121805,0.22064984125779852,0.022378193950084443,0.0,0.22064984125779852,0.756971964792117,0.0526509951044135,0.4086078878592655,0.4527904734923797,0.0526509951044135,0.4086078878592655,0.4527904734923797,0.003547498055082564,0.024994937218896524,0.11429654346683502,0.04350736731849637,0.7587607573149742,0.2412392426850259
7739.14859437751,0.1217405057154272,0.10589457265438278,0.22763507836980998,0.024077720398594654,0.0,0.22763507836980998,0.7482872012315958,0.053370781984235796,0.4308123181363662,0.44825433756734595,0.053370781984235796,0.4308123181363662,0.44825433756734595,0.0035283716968986644,0.027797954309417193,0.12139649982783912,0.039494396362435416,0.7569908204245552,0.2430091795754447
7729.236947791164,0.12672495950214432,0.10749860047350424,0.2342235599756486,0.02567000812647255,0.0,0.2342235599756486,0.7401064318978788,0.05404997325376336,0.450326897820845,0.4389111692733103,0.05404997325376336,0.450326897820845,0.4389111692733103,0.0034992520445748447,0.030582566547746843,0.1277610136250724,0.03831972601458837,0.7552208835341365,0.2447791164658635
7719.325301204819,0.13146517364931667,0.10928879788305425,0.24075397153237083,0.02720058807468549,0.0,0.24075397153237083,0.7320454403929432,0.05471466471554072,0.46783836241425825,0.4258261462586673,0.05471466471554072,0.46783836241425825,0.4258261462586673,0.0034614637678165735,0.033467785504092934,0.13341875867071396,0.037697485054538696,0.7534509466437177,0.24654905335628233
7709.413654618474,0.13589474615835317,0.11067413042483623,0.24656887658318946,0.028773229294369478,0.0,0.24656887658318946,0.7246578941224414,0.055385642413165834,0.4848610960439081,0.4099601300564785,0.055385642413165834,0.4848610960439081,0.4099601300564785,0.003411677596496628,0.03690556650825731,0.1384172727345606,0.044638265475044785,0.7516810097532989,0.24831899024670115
7699.502008032128,0.13981175197091622,0.11062749640129259,0.25043924837220877,0.03048338722689879,0.0,0.25043924837220877,0.7190773644008921,0.05600211199994667,0.5025067388326413,0.3921679004749517,0.05600211199994667,0.5025067388326413,0.3921679004749517,0.003349174170236354,0.04134067850936528,0.14281118740326992,0.05104749813488907,0.7498257028112449,0.2501742971887551
7689.590361445783,0.143443345966706,0.1098208452487455,0.2532641912154515,0.03228740982031031,0.0,0.2532641912154515,0.7144483989642378,0.056526400862363144,0.5190637966219993,0.37320703691162904,0.056526400862363144,0.5190637966219993,0.37320703691162904,0.003279585101284838,0.04621560792103943,0.14665219263536855,0.04740876344803373,0.746356626506024,0.253643373493976
7679.678714859438,0.1465928810439662,0.10895179517838352,0.2555446762223497,0.033976018775399706,0.0,0.2555446762223497,0.7104793050022505,0.0569836376103476,0.5332863738261437,0.35371864474754977,0.0569836376103476,0.5332863738261437,0.35371864474754977,0.0032056599786353815,0.05081676040425345,0.14999066801158017,0.043773504990240825,0.7428875502008032,0.25711244979919684
7669.767068273092,0.14934918286459478,0.10820604076813904,0.25755522363273387,0.0355350384388294,0.0,0.25755522363273387,0.706909737928437,0.05740144875154286,0.5454685663904904,0.33421240878223146,0.05740144875154286,0.5454685663904904,0.33421240878223146,0.0031297974603216126,0.05505689132968814,0.1528791720855215,0.04024201196996176,0.7394184738955822,0.2605815261044177
7659.855421686747,0.151881183047029,0.1078446365604904,0.25972581960751945,0.03696851737140929,0.0,0.25972581960751945,0.7033056630210713,0.057812709968289334,0.5559088878132468,0.3150749436254924,0.057812709968289334,0.5559088878132468,0.3150749436254924,0.003053624088009784,0.058887916999282204,0.15537144497252983,0.03673547504064957,0.7359493975903615,0.26405060240963857
7649.943775100402,0.1543658086675345,0.10800253093412876,0.2623683396016632,0.03831437542734466,0.0,0.2623683396016632,0.6993172849709923,0.058261298914421986,0.565023175917577,0.296583447860004,0.058261298914421986,0.565023175917577,0.296583447860004,0.002976762424002316,0.06242421340642866,0.1575210552221198,0.03491486070109892,0.7324803212851405,0.26751967871485943
7640.032128514056,0.15694753136239778,0.10875478956826783,0.26570232093066554,0.03961655337207595,0.0,0.26570232093066554,0.6946811256972583,0.05879699825239758,0.5731041217663282,0.2789235462765245,0.05879699825239758,0.5731041217663282,0.2789235462765245,0.0028992405840421696,0.0658016348757917,0.15937989476696784,0.033094246361548285,0.7290112449799198,0.2709887550200803
7630.120481927711,0.15963083135732925,0.10999494006921166,0.26962577142654093,0.04091328559520858,0.0,0.26962577142654093,0.6894609429782507,0.05949918542574339,0.5803719346751848,0.26221019623415115,0.05949918542574339,0.5803719346751848,0.26221019623415115,0.0028180307706187836,0.06917374016459454,0.1609965679667886,0.03441830563229027,0.7255421686746988,0.2744578313253012
7620.208835341366,0.16213971199071242,0.11125120380616232,0.2733909157968747,0.04220186330546499,0.0,0.2733909157968747,0.6844072208976608,0.06044108651533872,0.5868523131367209,0.24650676074066902,0.06044108651533872,0.5868523131367209,0.24650676074066902,0.0027340808095551393,0.07262310531562677,0.16241554918130738,0.035752591483878764,0.7220730923694779,0.2779269076305221
7610.29718875502,0.1646025415435944,0.11273159239135742,0.2773341339349519,0.04346483734299579,0.0,0.2773341339349519,0.6792010287220522,0.061714168036696444,0.5924337446859786,0.2318449038561996,0.061714168036696444,0.5924337446859786,0.2318449038561996,0.002650472876074372,0.07601090987794676,0.16367640087285118,0.03415470237406014,0.7186040160642571,0.28139598393574294
7600.385542168675,0.1674068589885723,0.11499972565144946,0.2824065846400217,0.04471819794339407,0.0,0.2824065846400217,0.6728752174165846,0.06352573971519958,0.5972247517884349,0.21822987420702158,0.06352573971519958,0.5972247517884349,0.21822987420702158,0.002565804122512413,0.07926292441134203,0.16481359414019273,0.032493703538250894,0.7151349397590362,0.2848650602409638
7590.4738955823295,0.17061685115400294,0.11811844383053534,0.2887352949845383,0.0460005619099423,0.0,0.2887352949845383,0.6652641431055198,0.06626816064641847,0.6013221863952605,0.20564152524291668,0.06626816064641847,0.6013221863952605,0.20564152524291668,0.0024744281871415673,0.0825218808057603,0.16585662650075886,0.0346127440585583,0.7116658634538153,0.28833413654618467
7580.562248995984,0.174067410348212,0.1218225848627369,0.29588999521094894,0.04732293356248009,0.0,0.29588999521094894,0.656787071226571,0.07036126672304205,0.6046544000909347,0.19404246379786408,0.07036126672304205,0.6046544000909347,0.19404246379786408,0.002375675272582976,0.08585683767209161,0.16683035251223063,0.03688477099462768,0.7081967871485945,0.29180321285140554
7570.650602409639,0.17794256397048897,0.12626942156004453,0.3042119855305336,0.0487120136115742,0.0,0.3042119855305336,0.6470760008578926,0.07628855849884052,0.6071895755659907,0.18338904266364017,0.07628855849884052,0.6071895755659907,0.18338904266364017,0.0022698107544616764,0.08926277386207172,0.1677552664313838,0.03846280517752229,0.7047277108433736,0.2952722891566264
7560.7389558232935,0.1824560723043084,0.13163629575570038,0.31409236806000873,0.05020076451986956,0.0,0.31409236806000873,0.6357068674201214,0.08458648856282892,0.6089337529614598,0.17363223585179527,0.08458648856282892,0.6089337529614598,0.17363223585179527,0.002157335808359665,0.09270432308117994,0.16864773840259528,0.03999910440103355,0.7012586345381527,0.29874136546184726
7550.827309236948,0.1875480998741918,0.1379374985545126,0.32548559842870434,0.05174393421932487,0.0,0.32548559842870434,0.6227704673519702,0.09561816297816686,0.6100396328889331,0.16471870024089355,0.09561816297816686,0.6100396328889331,0.16471870024089355,0.002042602183985818,0.09599754063591988,0.16952041130719675,0.03858109397668899,0.6977895582329319,0.3022104417670681
7540.915662650603,0.1932025374381676,0.14542605092598165,0.3386285883641493,0.05328436306651558,0.0,0.3386285883641493,0.6080870485693349,0.11008684433438284,0.610738198400526,0.15659231425044842,0.11008684433438284,0.610738198400526,0.15659231425044842,0.0019260637735928178,0.09899106763895182,0.17038245905052532,0.03692508312537169,0.694320481927711,0.305679518072289
7531.004016064257,0.1995926280752769,0.15436097022309136,0.35395359829836825,0.05485153635715019,0.0,0.35395359829836825,0.5911948653444813,0.12902832327505065,0.6110404553939736,0.14919407415976246,0.12902832327505065,0.6110404553939736,0.14919407415976246,0.00180678278328274,0.10172793084912944,0.1712401101181123,0.036855849577253616,0.6908514056224898,0.3091485943775102
7521.092369477911,0.2068279162264073,0.1647743621850503,0.3716022784114575,0.056475537566450705,0.0,0.3716022784114575,0.571922184022092,0.15313408747647486,0.6109412347620914,0.14246473045869687,0.15313408747647486,0.6109412347620914,0.14246473045869687,0.0016883346660903247,0.10423182634447367,0.17209729440681942,0.03694812729035411,0.687382329317269,0.31261767068273105
7511.180722891566,0.21484424601939422,0.17654905905262744,0.3913933050720217,0.05813895881207351,0.0,0.3913933050720217,0.5504677361159047,0.1826692860241953,0.6105188542256601,0.13634735970721956,0.1826692860241953,0.6105188542256601,0.13634735970721956,0.0015772314342609591,0.10648274355174007,0.17295604371510925,0.03645233618351384,0.6839132530120481,0.3160867469879519
7501.269076305221,0.22351199206155128,0.18954647939218963,0.41305847145374075,0.059810544127163655,0.0,0.41305847145374075,0.5271309844190957,0.21775143861588958,0.6098437912465842,0.13078796072780396,0.21775143861588958,0.6098437912465842,0.13078796072780396,0.0014802136925149668,0.10848464543240284,0.17381673309906626,0.035883705951435016,0.6804441767068272,0.31955582329317284
7491.357429718875,0.2327403288957535,0.20361715168401,0.43635748057976337,0.06146589438504298,0.0,0.43635748057976337,0.5021766250351938,0.25824890313324866,0.6089697719521423,0.12573533140768395,0.25824890313324866,0.6089697719521423,0.12573533140768395,0.0014040274972053515,0.11025706193396508,0.1746783276857553,0.03585004311930477,0.6771191432396251,0.3228808567603749
7481.44578313253,0.2423511020458194,0.2183669043787878,0.4607180064246072,0.0630882379807468,0.0,0.4607180064246072,0.4761937555946462,0.30312233097998664,0.607946439637031,0.12114063403428779,0.30312233097998664,0.607946439637031,0.12114063403428779,0.0013555381554022162,0.11181757727096939,0.1755385408006561,0.03589493497973205,0.6738152610441765,0.3261847389558234
7471.5341365461845,0.25194552774366763,0.2332543874145333,0.485199915158201,0.06463009412889288,0.0,0.485199915158201,0.4501699907129061,0.35055608365321456,0.6067582029753361,0.1169569170142647,0.35055608365321456,0.6067582029753361,0.1169569170142647,0.0013384454797433164,0.11321389076899091,0.1763938833486082,0.0354392296445339,0.6705113788487282,0.3294886211512718
7461.622489959839,0.26111651695199284,0.24788543325162626,0.509001950203619,0.06604909937340009,0.0,0.509001950203619,0.4249489504229806,0.39890820677730376,0.6053296032798868,0.11313924229758052,0.39890820677730376,0.6053296032798868,0.11313924229758052,0.0013509245663187444,0.11452378006594514,0.17723980189882882,0.03489803332716062,0.6672074966532797,0.3327925033467203
7451.710843373494,0.2694771983281812,0.2619148350565788,0.5313920333847603,0.06732611204258288,0.0,0.5313920333847603,0.4012818545726569,0.4466300926992188,0.6035123021695242,0.10964518131636765,0.4466300926992188,0.6035123021695242,0.10964518131636765,0.001386058653476638,0.11585429799202526,0.17807094424081504,0.03377700200217236,0.6639036144578313,0.3360963855421687
7441.7991967871485,0.2767829979949443,0.2753069434740485,0.5520899414689927,0.06847159914221816,0.0,0.5520899414689927,0.37943845938878895,0.49338504194783317,0.6011138089264708,0.10643572415069759,0.49338504194783317,0.6011138089264708,0.10643572415069759,0.0014340012068204601,0.11733117426291963,0.1788815183640775,0.03254247584042226,0.6605997322623829,0.33940026773761717
7431.887550200803,0.2832173264757257,0.2884696466928269,0.5716869731685525,0.06949790506578905,0.0,0.5716869731685525,0.35881512176565816,0.5403291302533583,0.5983508883625311,0.1034770216033326,0.5403291302533583,0.5983508883625311,0.1034770216033326,0.001487205562623775,0.11890851809611704,0.17966588876722597,0.03378809764028449,0.6572958500669344,0.34270414993306564
7421.975903614458,0.28889298693870863,0.30118404181959574,0.5900770287583046,0.070403653586754,0.0,0.5900770287583046,0.3395193176549415,0.5864074816834328,0.5955294027372634,0.10073869683284252,0.5864074816834328,0.5955294027372634,0.10073869683284252,0.00153714865585484,0.12046990117054449,0.18041856136346635,0.03558377205737552,0.653991967871486,0.34600803212851405
7412.0642570281125,0.2936914910395633,0.31296533461889775,0.6066568256584611,0.07121048679584821,0.0,0.6066568256584611,0.32213268754569035,0.6298829496018248,0.592554202351203,0.09819154144029534,0.6298829496018248,0.592554202351203,0.09819154144029534,0.0015754839294392412,0.12205104090679689,0.18113388251019163,0.03598766945316288,0.6506880856760375,0.3493119143239625
7402.152610441767,0.29762142813130815,0.32366869730312464,0.6212901254344328,0.07195116895440622,0.0,0.6212901254344328,0.3067587056111613,0.6703894693559388,0.5893448906129212,0.09580873822634914,0.6703894693559388,0.5893448906129212,0.09580873822634914,0.0015976837434177292,0.12369510656225674,0.18180651639915416,0.036045031274819936,0.647384203480589,0.35261579651941094
7392.240963855422,0.30084672015495173,0.3332068951514567,0.6340536153064084,0.07266136747707624,0.0,0.6340536153064084,0.2932850172165155,0.7078913691991453,0.5859174692015238,0.09356739633964312,0.7078913691991453,0.5859174692015238,0.09356739633964312,0.0016024459877116365,0.12540631765364632,0.18243200460650125,0.03599696634484148,0.6440803212851406,0.3559196787148594
7382.3293172690765,0.3035632373901843,0.34152549060754667,0.6450887279977309,0.07337273906484938,0.0,0.6450887279977309,0.28153853293742,0.7425061784932747,0.5823097045141571,0.09144854565580038,0.7425061784932747,0.5823097045141571,0.09144854565580038,0.0015910414706288508,0.1271779510013756,0.18300688438765259,0.035919652585216726,0.6407764390896922,0.3592235609103078
7372.417670682731,0.30593832099834883,0.34866957341938754,0.6546078944177359,0.07409357933138887,0.0,0.6546078944177359,0.27129852625087525,0.7744907375037109,0.5785921599797166,0.08943672284021993,0.7744907375037109,0.5785921599797166,0.08943672284021993,0.0015664534830259632,0.1289874479610494,0.18352872235847525,0.036355559583266236,0.6374725568942436,0.3625274431057563
7362.506024096386,0.30807314132125635,0.35467179294710616,0.6627449342683627,0.07481311853317109,0.0,0.6627449342683627,0.26244194719846636,0.8038048350662866,0.5748345129994963,0.08751942759588603,0.8038048350662866,0.5748345129994963,0.08751942759588603,0.0015329555422328328,0.130809121914825,0.18399615078370868,0.03694912973780466,0.6341686746987952,0.36583132530120477
7352.59437751004,0.3100746509301453,0.3594704788263539,0.669545129756499,0.0755387308922488,0.0,0.669545129756499,0.25491613935125207,0.8302699475283382,0.5710766882066154,0.085686585318146,0.8302699475283382,0.5710766882066154,0.085686585318146,0.0014955437930301353,0.13262778950504545,0.1844089001330998,0.03695758586710542,0.6308647925033468,0.3691352074966532
7342.682730923695,0.31208256491216063,0.3630187466079069,0.6751013115200674,0.07629179771897548,0.0,0.6751013115200674,0.24860689076095716,0.8539797993671278,0.5673437670291089,0.08393007838786479,0.8539797993671278,0.5673437670291089,0.08393007838786479,0.0014586582620207905,0.13443555168064536,0.18476780088589884,0.036768042456412464,0.6275609103078983,0.37243908969210165
7332.77108433735,0.31418797488187733,0.3653629397341203,0.6795509146159975,0.07707661733196587,0.0,0.6795509146159975,0.24337246805203627,0.8751241923783551,0.5636539543818577,0.08224323741406792,0.8751241923783551,0.5636539543818577,0.08224323741406792,0.0014259141013100417,0.13622705033706403,0.18507470682086483,0.036802230765028886,0.62425702811245,0.37574297188755007
7322.8594377510035,0.3164284245731644,0.36658728997141876,0.6830157145445829,0.07788649151939223,0.0,0.6830157145445829,0.2390977939360246,0.8938257252517571,0.560010075195933,0.08062046941006709,0.8938257252517571,0.560010075195933,0.08062046941006709,0.0014002136300818402,0.13800096566541714,0.18533243136798438,0.036919448400589,0.6209531459170012,0.3790468540829988
7312.947791164659,0.31881928286642053,0.366786912975374,0.6856061958417946,0.07871361110288345,0.0,0.6856061958417946,0.2356801930553224,0.9102070031887683,0.5564148006731495,0.07905710585748732,0.9102070031887683,0.5564148006731495,0.07905710585748732,0.0013835439824072117,0.1397549616692199,0.18554474335816679,0.037109420276724495,0.617649263721553,0.38235073627844696
7303.036144578313,0.3213502037005821,0.3660796761650422,0.6874298798656245,0.0795460954292944,0.0,0.6874298798656245,0.23302402470508124,0.9243925016694243,0.5528773795544089,0.07754936031055451,0.9243925016694243,0.5528773795544089,0.07754936031055451,0.00137699607407925,0.14148413252399497,0.18571636221929433,0.037328891594368994,0.6143453815261043,0.3856546184738957
7293.1244979919675,0.3240314870243556,0.3645373020902534,0.6885687891146091,0.08038227304793347,0.0,0.6885687891146091,0.2310489378374578,0.9365122739353615,0.5494172368667237,0.07609429814691235,0.9365122739353615,0.5494172368667237,0.07609429814691235,0.0013809323614091464,0.14317901094964974,0.18585290517256842,0.03733210912731513,0.6110414993306559,0.3889585006693442
7283.212851405622,0.32690619943283183,0.36218644322051025,0.6890926426533419,0.08123227896461488,0.0,0.6890926426533419,0.2296750783820428,0.9467536604938334,0.5460590329424768,0.07468960112037638,0.9467536604938334,0.5460590329424768,0.07468960112037638,0.0013951769795189231,0.14482834676851297,0.18596069781359237,0.037239831414214636,0.6077376171352074,0.3922623828647926
7273.301204819277,0.32993456065829724,0.3591818714485046,0.689116432106802,0.08208285937637155,0.0,0.689116432106802,0.22880070851682627,0.9553357254199943,0.5427828556124713,0.07333324127632057,0.9553357254199943,0.5427828556124713,0.07333324127632057,0.0014190599069038546,0.14643984808499938,0.18604650114933036,0.037520063982169116,0.6044337349397589,0.39556626506024106
7263.389558232931,0.33297443403632715,0.3558102546459288,0.688784688682256,0.08289270864683412,0.0,0.688784688682256,0.22832260267091023,0.9624306696050144,0.5395430415222994,0.07202358260946919,0.9624306696050144,0.5395430415222994,0.07202358260946919,0.0014512433258646164,0.14803136374230114,0.1861174053515723,0.03797895855542569,0.6011298527443105,0.3988701472556895
7253.477911646586,0.33603124904327153,0.35210423521515066,0.6881354842584227,0.0836661033643204,0.0,0.6881354842584227,0.22819841237725705,0.9681786850036486,0.536383715117476,0.0707596205495815,0.9681786850036486,0.536383715117476,0.0707596205495815,0.0014901200674740341,0.1495834006070958,0.18618076065057387,0.03763863573021282,0.597825970548862,0.40217402945113795
7243.566265060241,0.3393044649886742,0.34782127819025965,0.6871257431789336,0.08445696991318605,0.0,0.6871257431789336,0.2284172869078801,0.972774924665952,0.5333901541887133,0.06954019115719044,0.972774924665952,0.5333901541887133,0.06954019115719044,0.0015348602479065678,0.1510639855522376,0.18624354794903067,0.03688295607968699,0.5945220883534136,0.4054779116465864
7233.654618473895,0.3428670613641499,0.3429126546060102,0.6857797159701601,0.08528750482042391,0.0,0.6857797159701601,0.22893277920941604,0.9764251679787725,0.5305341205499989,0.06836280952180177,0.9764251679787725,0.5305341205499989,0.06836280952180177,0.0015853185806613736,0.1524900835515149,0.18631150819203066,0.0366030751767656,0.5912182061579652,0.40878179384203484
7223.74297188755,0.34664402973660596,0.33752847571714617,0.6841725054537523,0.08614681661937165,0.0,0.6841725054537523,0.22968067792687638,0.9792891650955434,0.5277334983102921,0.06722373917109017,0.9792891650955434,0.5277334983102921,0.06722373917109017,0.001641219135807709,0.15389943062066636,0.1863889466941794,0.03659060521553581,0.5879143239625166,0.4120856760374833
7213.831325301205,0.35057254387654213,0.3318043270802816,0.6823768709568238,0.08702029150008693,0.0,0.6823768709568238,0.23060283754308925,0.9815010766573324,0.5249374198956362,0.0661187267664198,0.9815010766573324,0.5249374198956362,0.0661187267664198,0.0017020569203803992,0.15531687717563458,0.18647900469507797,0.03678147040169786,0.5846104417670683,0.4153895582329317
7203.919678714859,0.35457113114902816,0.3258971663180627,0.6804682974670907,0.08788627481069539,0.0,0.6804682974670907,0.2316454277222134,0.9831739865810941,0.5221072743202673,0.06504366746842703,0.9831739865810941,0.5221072743202673,0.06504366746842703,0.001767024083909886,0.1567604910252809,0.18658395143128384,0.0370957134246888,0.5813065595716198,0.4186934404283802
7194.008032128514,0.3586799872679612,0.3199862795654785,0.6786662668334396,0.08869926393317824,0.0,0.6786662668334396,0.23263446923338252,0.9844017944182242,0.5192652066292106,0.06399506226885343,0.9844017944182242,0.5192652066292106,0.06399506226885343,0.0018351921786004357,0.15822159684140422,0.1867053761192376,0.03705262839494859,0.5788016064257029,0.42119839357429717
7184.096385542169,0.3629730484491897,0.31389406881457943,0.6768671172637691,0.08950335798777027,0.0,0.6768671172637691,0.2336295247484609,0.9852690485316341,0.5164700773977396,0.06296982261270974,0.9852690485316341,0.5164700773977396,0.06296982261270974,0.001906310266239534,0.15967666358396138,0.18684398584632908,0.03677579525564706,0.5768192771084337,0.4231807228915663
7174.184738955823,0.36746909941527367,0.3074593983919199,0.6749284978071936,0.09034604205824108,0.0,0.6749284978071936,0.23472546013456505,0.9858480291759859,0.513724097614742,0.06196468403908094,0.9858480291759859,0.513724097614742,0.06196468403908094,0.0019807169786740177,0.16112735685878982,0.18699919084429495,0.03662919135812891,0.5748369477911647,0.4251630522088353
7164.273092369478,0.37217901116577085,0.30067669595116503,0.6728557071169357,0.09123511400210406,0.0,0.6728557071169357,0.23590917888096,0.986196626409035,0.5110010149176687,0.06097613284254407,0.986196626409035,0.5110010149176687,0.06097613284254407,0.0020588374917016347,0.16258642701221918,0.18716907513357764,0.03657432352871779,0.5728546184738956,0.4271453815261044
7154.361445783133,0.37706107253787474,0.2936368979585316,0.6706979704964062,0.09215544538290979,0.0,0.6706979704964062,0.2371465841206834,0.9863626968403376,0.5082523713231676,0.06000073103521345,0.9863626968403376,0.5082523713231676,0.06000073103521345,0.002140930410199678,0.1640754569934385,0.18735070883024574,0.03691387834983547,0.5708722891566266,0.4291277108433734
7144.449799196787,0.3819697592966971,0.28660167457882,0.6685714338755171,0.09305351628441333,0.0,0.6685714338755171,0.2383750498400693,0.9863856024299746,0.5054081455744687,0.059035750477900925,0.9863856024299746,0.5054081455744687,0.059035750477900925,0.0022263096187889867,0.16562282149601393,0.18754072175474884,0.03755234036480115,0.5688899598393575,0.4311100401606425
7134.538152610442,0.38686560329765174,0.27963082838039544,0.6664964316780473,0.09391788184315265,0.0,0.6664964316780473,0.2395856864787998,0.9862972532017148,0.5025058676987078,0.05807990438148436,0.9862972532017148,0.5025058676987078,0.05807990438148436,0.002313731671298963,0.16720949109171437,0.1877359680083974,0.03765069339450732,0.5669076305220884,0.4330923694779116
7124.626506024097,0.39189255869202433,0.27247159282773575,0.6643641515197599,0.0948039166503692,0.0,0.6643641515197599,0.24083193182987075,0.9861217105058031,0.49965894167290753,0.05713298996834697,0.9861217105058031,0.49965894167290753,0.05713298996834697,0.0024031853178442405,0.16878534802551906,0.18793341790759716,0.037309016456810826,0.5649253012048193,0.4350746987951807
7114.714859437751,0.3971169093522768,0.2650242447367693,0.6621411540890461,0.09573403982251424,0.0,0.6621411540890461,0.2421248060884394,0.9858763632696164,0.4968696572503689,0.05619483560805402,0.9858763632696164,0.4968696572503689,0.05619483560805402,0.002495598463485128,0.17034913653547246,0.18812949550191937,0.0373290613636953,0.5629429718875503,0.43705702811244973
7104.803212851406,0.40245587705730684,0.25745011117324595,0.659905988230553,0.09667348682561727,0.0,0.659905988230553,0.24342052494382999,0.9855762402764452,0.4940590915922718,0.05526520167069888,0.9855762402764452,0.4940590915922718,0.05526520167069888,0.0025911627833164353,0.17193347714861837,0.1883201094086845,0.03766575031689983,0.5609606425702812,0.4390393574297188
7094.89156626506,0.40784354731993533,0.24986943886801347,0.6577129861879488,0.09759601642850556,0.0,0.6577129861879488,0.24469099738354597,0.9852353186500278,0.49119546722939184,0.05434442335925085,0.9852353186500278,0.49119546722939184,0.05434442335925085,0.002689259548906849,0.17354981702408062,0.18850130007865126,0.03797544594722191,0.558978313253012,0.44102168674698805
7084.979919678715,0.4132467202277661,0.24234129449161568,0.655588014719382,0.098487841534107,0.0,0.655588014719382,0.24592414374651095,0.9848655278570146,0.48828323563831444,0.05343361748882578,0.9848655278570146,0.48828323563831444,0.05343361748882578,0.002789048662198833,0.17519383409780998,0.18866955896102702,0.0382597610632613,0.556995983935743,0.44300401606425693
7075.068273092369,0.41864871262696685,0.23489034425024696,0.653539056877214,0.09934315458236201,0.0,0.653539056877214,0.2471177885404237,0.984476674993777,0.4853634952251959,0.052534511564002136,0.984476674993777,0.4853634952251959,0.052534511564002136,0.002889601911992595,0.17684470765349314,0.18882179024817408,0.03829216679395153,0.5550136546184739,0.44498634538152615
7065.156626506024,0.42408153139953053,0.2274485975363873,0.651530128935918,0.10017898138533173,0.0,0.651530128935918,0.24829088967875068,0.9840751047081597,0.48250638538121504,0.051649032616431445,0.9840751047081597,0.48250638538121504,0.051649032616431445,0.0029905100070790587,0.17846960139830376,0.18895502720913102,0.0380702014840611,0.5530313253012047,0.44696867469879525
7055.244979919678,0.42957393489341644,0.21996076600674985,0.6495347009001666,0.10100803952760558,0.0,0.6495347009001666,0.2494572595722279,0.9836642082679654,0.47973670594207757,0.050778633797576654,0.9836642082679654,0.47973670594207757,0.050778633797576654,0.0030918473238955276,0.18005749175039304,0.1890659074308986,0.03784464676555737,0.5510489959839358,0.4489510040160643
7045.333333333333,0.43512821232485027,0.21241889538235637,0.6475471077072066,0.10183422561441839,0.0,0.6475471077072066,0.25061866667837523,0.9832459625329355,0.47706142695149284,0.049923592466937325,0.9832459625329355,0.47706142695149284,0.049923592466937325,0.003193790808392085,0.1816075532756339,0.18915050407334075,0.03761519947892905,0.5490666666666666,0.4509333333333334
7035.421686746988,0.44073630673752634,0.20481552460380395,0.6455518313413304,0.1026629253425762,0.0,0.6455518313413304,0.2517852433160934,0.9828210669905693,0.4744569194557113,0.04908530465550892,0.9828210669905693,0.4744569194557113,0.04908530465550892,0.0032966434943246057,0.18312976368036543,0.18920403969303126,0.03744335249944004,0.5470843373493975,0.45291566265060246
7025.510040160642,0.4463721296358016,0.19716389692407044,0.6435360265598721,0.10349599424270793,0.0,0.6435360265598721,0.25296797919742003,0.9823894291026583,0.47188158892408544,0.04826175682983046,0.9823894291026583,0.47188158892408544,0.04826175682983046,0.003400713039406878,0.18463969067143265,0.18922169962375948,0.03733860482510972,0.5451020080321285,0.4548979919678715
7015.598393574297,0.4520114798178506,0.18948204707548738,0.6414935268933378,0.10433398562783966,0.0,0.6414935268933378,0.25417248747882243,0.9819500636392315,0.4693217909278593,0.047450933605093004,0.9819500636392315,0.4693217909278593,0.047450933605093004,0.0035063357399559747,0.18614576174739733,0.18919828987296722,0.03726708343321343,0.5431196787148594,0.45688032128514056
7005.686746987952,0.4576162695326548,0.18178512569667502,0.6394013952293296,0.10518063765178476,0.0,0.6394013952293296,0.2554179671188858,0.981500464731635,0.466733041062692,0.0466499972407462,0.981500464731635,0.466733041062692,0.0466499972407462,0.0036140770818682867,0.18766678056052416,0.1891286197427017,0.0372371555262619,0.5411373493975904,0.45886265060240966
6995.775100401606,0.46317306674340364,0.17401235994821546,0.6371854266916192,0.10606891740101411,0.0,0.6371854266916192,0.25674565590736675,0.9810357810997796,0.4641194316311141,0.045855901478097136,0.9810357810997796,0.4641194316311141,0.045855901478097136,0.0037252091605377165,0.1892010347861807,0.189007806409095,0.036965908606221176,0.5391550200803212,0.4608449799196787
6985.863453815261,0.4687778518427457,0.1658851342204839,0.6346629860632296,0.1071005845504268,0.0,0.6346629860632296,0.2582364293863438,0.9805470986051503,0.4615678108436716,0.045065107400244414,0.9805470986051503,0.4615678108436716,0.045065107400244414,0.003842745204896092,0.19071851382128294,0.1888311266242715,0.03636984445943679,0.5371726907630522,0.4628273092369478
6975.951807228916,0.47448914368167666,0.15731870110474497,0.6318078447864215,0.10830884257708182,0.0,0.6318078447864215,0.25988331263649656,0.9800238444548124,0.45898483725982153,0.04427353430601096,0.9800238444548124,0.45898483725982153,0.04427353430601096,0.003971030806535762,0.19226313412646395,0.1885942005709383,0.03690138817797159,0.5351903614457831,0.46480963855421686
6966.04016064257,0.48015233990693673,0.1488708616860978,0.6290232015930345,0.10948849338518651,0.0,0.6290232015930345,0.2614883050217791,0.9794707665799693,0.45592768086371577,0.04347769654459814,0.9794707665799693,0.45592768086371577,0.04347769654459814,0.004109764387912888,0.1940282675055527,0.18829437990611692,0.03906617344746467,0.5332080321285141,0.4667919678714859
6956.128514056225,0.4855838476710459,0.14096263164213152,0.6265464793131771,0.11049742318385793,0.0,0.6265464793131771,0.26295609750296456,0.978909211613679,0.45232345754506154,0.04267734358787642,0.978909211613679,0.45232345754506154,0.04267734358787642,0.004252675875043352,0.19603651460629887,0.18793371076086568,0.04038442013984415,0.531225702811245,0.468774297188755
6946.21686746988,0.49080231861641077,0.13342924874718654,0.6242315673635973,0.11140876841019091,0.0,0.6242315673635973,0.2643596642262118,0.978352074655839,0.4485684038461008,0.04187571357599746,0.978352074655839,0.4485684038461008,0.04187571357599746,0.004395535139381071,0.19810850368770744,0.1875190861024674,0.04038192614759819,0.5292433734939759,0.47075662650602407
6936.305220883534,0.49585289750001055,0.1261165380578066,0.6219694355578171,0.11228467499734139,0.0,0.6219694355578171,0.26574588944484145,0.9778006713901142,0.44489486361448904,0.04107720325219666,0.9778006713901142,0.44489486361448904,0.04107720325219666,0.004537679764486028,0.2001386680086511,0.18705929934762175,0.04018605680843697,0.5272610441767069,0.4727389558232931
6926.393574297189,0.5007375717998994,0.11898112200934235,0.6197186938092419,0.11315085795072415,0.0,0.6197186938092419,0.2671304482400338,0.9772543233556038,0.4413726022870548,0.040285685386151376,0.9772543233556038,0.4413726022870548,0.040285685386151376,0.004679053007235035,0.2020992768740182,0.18656252940649257,0.03966481242903138,0.5252787148594378,0.4747212851405622
6916.481927710844,0.5054801181134663,0.1119636160132601,0.6174437341267264,0.11403567755258379,0.0,0.6174437341267264,0.26852058832068976,0.976709049014177,0.43806418247140666,0.03950373609206869,0.976709049014177,0.43806418247140666,0.03950373609206869,0.0048207070356815485,0.2039740625201934,0.1860348780101055,0.03927369623823871,0.5232963855421687,0.47670361445783127
6906.570281124498,0.5100574624852852,0.10508497703839415,0.6151424395236794,0.11494047343414329,0.0,0.6151424395236794,0.26991708704217704,0.9761609513366245,0.4348996653479109,0.03873223303347812,0.9761609513366245,0.4348996653479109,0.03873223303347812,0.004963738637109899,0.20579667779345426,0.185479461479737,0.03911906871898921,0.5213140562248997,0.4786859437751003
6896.658634538153,0.5144704602377764,0.0983875461469102,0.6128580063846865,0.11585259934081417,0.0,0.6128580063846865,0.2712893942744998,0.9756071896590909,0.43179287407572436,0.03797039508487707,0.9756071896590909,0.43179287407572436,0.03797039508487707,0.005108889124695928,0.20760230459857462,0.1848961717364487,0.03903086142759317,0.519554484605087,0.4804455153949129
6886.746987951807,0.5187453769501623,0.09191126493467401,0.6106566418848364,0.11675160989997173,0.0,0.6106566418848364,0.2725917482151918,0.9750449141228479,0.4287250278625769,0.03721584538627681,0.9750449141228479,0.4287250278625769,0.03721584538627681,0.005256699048916753,0.2094031279330206,0.18428161572964896,0.039073259295774515,0.5182329317269075,0.48176706827309246
6876.835341365462,0.5227650961603872,0.08565514250110448,0.6084202386614918,0.11765917142254145,0.0,0.6084202386614918,0.2739205899159673,0.9744705267233825,0.4256816255072132,0.03646473780762556,0.9744705267233825,0.4256816255072132,0.03646473780762556,0.005407593280017978,0.2112057703293666,0.18362922969711368,0.03905274954430611,0.5169113788487283,0.4830886211512717
6866.923694779116,0.5264740691842833,0.07959423656634883,0.6060683057506322,0.11860797629106681,0.0,0.6060683057506322,0.27532371795830074,0.9738761669446517,0.4226796973633895,0.035711812831350685,0.9738761669446517,0.4226796973633895,0.035711812831350685,0.005563028195230923,0.21299969390105164,0.1829293110202657,0.03889812202505662,0.5155898259705488,0.4844101740294512
6857.012048192771,0.5298079690619805,0.07369102243272166,0.6034989914947021,0.11964061199144028,0.0,0.6034989914947021,0.27686039651385763,0.973247684605014,0.41969878047247927,0.034950304839836306,0.973247684605014,0.41969878047247927,0.034950304839836306,0.00572623449292821,0.21478842925247865,0.18216885774491562,0.03883296294076995,0.5142682730923694,0.48573172690763056
6847.100401606425,0.5326939015966005,0.06793180388967643,0.6006257054862768,0.12078872338081997,0.0,0.6006257054862768,0.27858557113290333,0.9725649138266658,0.41664245010661993,0.03417208242064132,0.9725649138266658,0.41664245010661993,0.03417208242064132,0.005902365425155323,0.2166067437987902,0.18133179723891904,0.03897512049878966,0.5129467202141901,0.4870532797858099
6837.18875502008,0.5350455347180517,0.0622766754420567,0.5973222101601087,0.12211629326654413,0.0,0.5973222101601087,0.28056149657334745,0.97180086316437,0.41344455315538214,0.033368255384684006,0.97180086316437,0.41344455315538214,0.033368255384684006,0.0060997185911458324,0.2184847832696709,0.18040004788248112,0.03910383798514353,0.5116251673360106,0.48837483266398934
6827.277108433735,0.5367334551264464,0.056585397593451485,0.593318852719898,0.1237807708515524,0.0,0.593318852719898,0.2829003764285496,0.970921332630864,0.41002713714317396,0.03253003333061371,0.970921332630864,0.41002713714317396,0.03253003333061371,0.006331689928010535,0.22046051840294514,0.17935522894646855,0.03919860969049001,0.5103036144578312,0.4896963855421687
6817.365461847389,0.5377694061102182,0.050792770282066274,0.5885621763922845,0.12583599136900156,0.0,0.5885621763922845,0.28560183223871427,0.9698970733633915,0.4059882862303186,0.031649740143835856,0.9698970733633915,0.4059882862303186,0.031649740143835856,0.0066134354106451645,0.22271765156788473,0.1781810425693618,0.04111571768141127,0.5089820615796519,0.4910179384203481
6807.453815261044,0.5384734783516542,0.0452941130411165,0.5837675913927705,0.12787266175265888,0.0,0.5837675913927705,0.2883597468545707,0.9687450802501347,0.4002376931288536,0.030723117179658047,0.9687450802501347,0.4002376931288536,0.030723117179658047,0.006944200612445331,0.22573929655330743,0.17686834223372636,0.04806647407090121,0.5076605087014725,0.4923394912985275
6797.542168674699,0.5388920435273244,0.04046917671426893,0.5793612202415933,0.12960463275990514,0.0,0.5793612202415933,0.2910341469985017,0.9675581681972059,0.3927440570859942,0.029753622740686058,0.9675581681972059,0.3927440570859942,0.029753622740686058,0.00729175538874217,0.2295294846413834,0.17542396692290735,0.05299383090967401,0.5063389558232931,0.49366104417670686
6787.630522088353,0.5388430973389037,0.03618441461703492,0.5750275119559386,0.13123263733250268,0.0,0.5750275119559386,0.29373985071155845,0.9663914568505843,0.38474429380364467,0.028752074052557468,0.9663914568505843,0.38474429380364467,0.028752074052557468,0.007634254098110259,0.23353299744243872,0.17387053866550528,0.05178486492797203,0.5050174029451138,0.49498259705488623
6777.718875502008,0.5383759180284615,0.03222904266736499,0.5706049606958263,0.13290163945924896,0.0,0.5706049606958263,0.29649339984492434,0.9652258079052688,0.376996565617678,0.0277317171285606,0.9652258079052688,0.376996565617678,0.0277317171285606,0.007977902568850866,0.23742345542521057,0.17223656077564412,0.05087754497684619,0.5036958500669344,0.4963041499330656
6767.807228915663,0.5375424459914945,0.028587441295432156,0.5661298872869268,0.13459607955369296,0.0,0.5661298872869268,0.29927403315938034,0.9640460989648001,0.36941995916677456,0.02670523635648435,0.9640460989648001,0.36941995916677456,0.02670523635648435,0.008328494325074685,0.24120678260811249,0.1705498830481062,0.050979252240675677,0.502374297188755,0.49762570281124496
6757.895582329317,0.5363740372241499,0.02526333206518495,0.5616373692893354,0.13629163013698606,0.0,0.5616373692893354,0.3020710005736786,0.9628501367574861,0.36191614649416187,0.02568426807621844,0.9628501367574861,0.36191614649416187,0.02568426807621844,0.00868726905301356,0.24490817656314304,0.1688366400747361,0.05117067038493327,0.5010527443105757,0.4989472556894244
6747.983935742972,0.5349347145642747,0.02224686148808699,0.5571815760523614,0.13796771484838966,0.0,0.5571815760523614,0.304850709099249,0.9616381762427366,0.3545151427733788,0.024679281798016796,0.9616381762427366,0.3545151427733788,0.024679281798016796,0.00905443584817485,0.2485173302381156,0.167121260660116,0.051694909047420266,0.4997311914323963,0.5002688085676037
6738.0722891566265,0.5332880197839981,0.01953616882167988,0.552824188605678,0.1395964261905579,0.0,0.552824188605678,0.30757938520376454,0.9604148318775501,0.3472634638111209,0.02369949516518458,0.9604148318775501,0.3472634638111209,0.02369949516518458,0.009428208777883024,0.2520162778358253,0.16542645492672625,0.05205946097801084,0.4984096385542168,0.5015903614457832
6728.160642570281,0.5314643037115376,0.01710855748730485,0.5485728611988425,0.14118984788524205,0.0,0.5485728611988425,0.3102372909159148,0.9591809078987319,0.3403122385841797,0.02275284966905165,0.9591809078987319,0.3403122385841797,0.02275284966905165,0.009808275665339459,0.2553546563631284,0.16377302131073102,0.051762643693997024,0.49708808567603746,0.5029119143239625
6718.248995983936,0.5294483071251629,0.014927088011407375,0.5443753951365702,0.1427840628042634,0.0,0.5443753951365702,0.3128405420591665,0.9579284325109083,0.33369512788022027,0.02184576565835037,0.9579284325109083,0.33369512788022027,0.02184576565835037,0.010198163726283908,0.25852219528805553,0.1621788297296355,0.05159100277990404,0.4957665327978581,0.5042334672021419
6708.3373493975905,0.5272592733605395,0.012974536913391205,0.54023381027393,0.1443703393185987,0.0,0.54023381027393,0.3153958504074711,0.9566530194135012,0.3273045751814079,0.020983039274236167,0.9566530194135012,0.3273045751814079,0.020983039274236167,0.010600169096009925,0.2615497552340682,0.16065812064499932,0.052002752654066266,0.49444497991967873,0.5055550200803213
6698.425702811245,0.5249591125721742,0.011244102585640136,0.5362032151578146,0.14591805690620238,0.0,0.5362032151578146,0.3178787279359831,0.9553589596784985,0.32112202331167605,0.02016811737304418,0.9553589596784985,0.32112202331167605,0.02016811737304418,0.011012862850332811,0.26444619784369683,0.15922196996240268,0.052328724963185955,0.49312342704149936,0.5068765729585006
6688.5140562249,0.5225806645480526,0.00971725195127464,0.5322979164993273,0.14742715456582955,0.0,0.5322979164993273,0.3202749289348434,0.9540490081600351,0.3152407141110745,0.019403304681000096,0.9540490081600351,0.3152407141110745,0.019403304681000096,0.01143525189838734,0.2671826034986849,0.15787869624389694,0.05220042629009073,0.49180187416332,0.50819812583668
6678.602409638554,0.5201554947568429,0.008370841046200415,0.5285263358030432,0.14890812117945262,0.0,0.5285263358030432,0.3225655430175047,0.9527200481697816,0.3097520956563419,0.01868971204226986,0.9527200481697816,0.3097520956563419,0.01868971204226986,0.011868905323569675,0.26974111852911803,0.15663352677229506,0.0521034100040091,0.4904803212851405,0.5095196787148595
6668.690763052209,0.51769341253693,0.007187515642154305,0.5248809281790842,0.15035944273145846,0.0,0.5248809281790842,0.3247596290894574,0.9513701646670799,0.3045915911979155,0.018027273440975457,0.9513701646670799,0.3045915911979155,0.018027273440975457,0.012315018628000374,0.272146978914566,0.15548845867480635,0.052196964581343784,0.48915876840696126,0.5108412315930387
6658.779116465863,0.5152020759887457,0.006152779876904807,0.5213548558656504,0.1517741879959911,0.0,0.5213548558656504,0.3268709561383587,0.9500010021755952,0.2996918530036013,0.017414951343431646,0.9500010021755952,0.2996918530036013,0.017414951343431646,0.012773181302291459,0.2744206054977659,0.1544427460911642,0.052277678535571456,0.4878372155287817,0.5121627844712183
6648.8674698795185,0.5127149317850351,0.005251877850029297,0.5179668096350646,0.1531467181912186,0.0,0.5179668096350646,0.32888647217371686,0.9486143355846463,0.29509086968798065,0.016850948318815118,0.9486143355846463,0.29509086968798065,0.016850948318815118,0.013242691651547348,0.2765589801820795,0.15349341764549068,0.052266987527945466,0.4865156626506024,0.5134843373493976
6638.955823293172,0.5102517453666544,0.004470508043220149,0.5147222534098743,0.15447542483478882,0.0,0.5147222534098743,0.3308023217553367,0.9472104246779381,0.29080427247849777,0.016332855123932986,0.9472104246779381,0.29080427247849777,0.016332855123932986,0.013723286462487178,0.27856593135326796,0.15263554258989293,0.052228412193093175,0.48519410977242294,0.5148058902275771
6629.044176706828,0.5078121460055048,0.0037947383366706234,0.5116068843421755,0.15577164969393406,0.0,0.5116068843421755,0.33262146596389064,0.9457879477121484,0.28685250640954757,0.01585779414766158,0.9457879477121484,0.28685250640954757,0.01585779414766158,0.01421546031659726,0.2804443767441671,0.15186245687624292,0.05195303457164241,0.4838725568942437,0.5161274431057563
6619.1325301204815,0.5053895283449303,0.003210050764357347,0.5085995791092878,0.15705706801180763,0.0,0.5085995791092878,0.33434335287890454,0.9443417785153068,0.2832641569367599,0.015422531170943197,0.9443417785153068,0.2832641569367599,0.015422531170943197,0.014721809934048855,0.2821991949692738,0.15116589645234518,0.051727496617481904,0.4825510040160642,0.5174489959839358
6609.220883534136,0.503008169688454,0.00270560262485507,0.505713772313309,0.158319924152172,0.0,0.505713772313309,0.33596630353451906,0.942869192836663,0.2799677569022485,0.015023614296773066,0.942869192836663,0.2799677569022485,0.015023614296773066,0.015244170878418518,0.2838553046398163,0.15053630461979076,0.052021583342662756,0.48122945113788484,0.5187705488621152
6599.309236947791,0.5006661151803541,0.002273642642396454,0.5029397578227505,0.15953990743386648,0.0,0.5029397578227505,0.3375203347433827,0.9413763227929506,0.27682700496117085,0.014657668235720941,0.9413763227929506,0.27682700496117085,0.014657668235720941,0.015780181747119596,0.2854493887179832,0.14996384567460197,0.05229405695385585,0.47986184738955817,0.5201381526104418
6589.3975903614455,0.49821583653698903,0.001904531137922777,0.5001203676749119,0.16074567439558002,0.0,0.5001203676749119,0.3391339579295081,0.9398687856391528,0.27383575949083444,0.014321623677645508,0.9398687856391528,0.27383575949083444,0.014321623677645508,0.016327427274112363,0.28698361648067444,0.1494392356669809,0.052278020624840514,0.4778795180722891,0.5221204819277109
6579.4859437751,0.4958025692682775,0.0015904085622756746,0.4973929778305528,0.16192582468357442,0.0,0.4973929778305528,0.3406811974858726,0.9383476886731913,0.2710358038996313,0.01401271649039459,0.9383476886731913,0.2710358038996313,0.01401271649039459,0.016885546333868684,0.28845239490812014,0.14895364782394027,0.05226517242803438,0.4758971887550201,0.5241028112449799
6569.574297188755,0.4934367610089617,0.001324016911971888,0.4947607779209335,0.16307638795592877,0.0,0.4947607779209335,0.34216283412313764,0.936814949883256,0.26841224981751666,0.01372846137328632,0.936814949883256,0.26841224981751666,0.01372846137328632,0.017453827130049036,0.2898607153054729,0.14849853361201815,0.0523106072731777,0.4739148594377509,0.5260851405622491
6559.6626506024095,0.4911293496743468,0.0010990455305085855,0.4922283952048551,0.16419058273537404,0.0,0.4922283952048551,0.3435810220597705,0.9352739273397845,0.2659502564370569,0.013466683148656391,0.9352739273397845,0.2659502564370569,0.013466683148656391,0.018030757141107266,0.29121153423029683,0.14806575281261294,0.05235231251039939,0.47193253012048186,0.5280674698795181
6549.751004016064,0.488883949055825,0.0009097559006500022,0.4897937049564749,0.16526714562609315,0.0,0.4897937049564749,0.3449391494174317,0.9337278502905321,0.2636549756998085,0.013225524662423493,0.9337278502905321,0.2636549756998085,0.013225524662423493,0.01861471587086256,0.2925017495540839,0.14764767227566097,0.052288167922797266,0.4699502008032128,0.5300497991967872
6539.839357429719,0.4867017016383507,0.0007509574634719007,0.4874526591018227,0.1663056844729438,0.0,0.4874526591018227,0.3462416564252335,0.9321779591535136,0.26153113674577066,0.013003406507781718,0.9321779591535136,0.26153113674577066,0.013003406507781718,0.019204911029343928,0.29372684552918304,0.1472371028550346,0.05222246328172643,0.46796787148594376,0.5320321285140562
6529.9277108433735,0.48458014521070664,0.0006181499419177235,0.48519829515262436,0.16730775948991125,0.0,0.48519829515262436,0.3474939453574646,0.9306246544101565,0.25958222907118944,0.01279898252282904,0.9306246544101565,0.25958222907118944,0.01279898252282904,0.01980100303996024,0.29488147213126426,0.14682725938656419,0.05206206339510448,0.4659855421686747,0.5340144578313253
6520.016064257028,0.48250771491631494,0.0005072489139463452,0.48301496383026127,0.16828190023569675,0.0,0.48301496383026127,0.34870313593404184,0.9290662146225932,0.25781219440766595,0.01261110023887565,0.9290662146225932,0.25781219440766595,0.01261110023887565,0.020403963302189347,0.29595948949393286,0.14641180282350647,0.051901663508482576,0.46400321285140567,0.5359967871485943
6510.104417670683,0.4804870599262801,0.00041485757612678574,0.4809019175024069,0.16922239505440287,0.0,0.4809019175024069,0.34987568744319003,0.9275016520410059,0.2561868443740348,0.01243877046617651,0.9275016520410059,0.2561868443740348,0.01243877046617651,0.021014698193114058,0.2969606623253993,0.14598501089525168,0.05197614233894674,0.4620208835341365,0.5379791164658635
6500.192771084337,0.47853263253806505,0.0003382388178308717,0.47887087135589584,0.17011444042993953,0.0,0.47887087135589584,0.35101468821416454,0.9259346314414159,0.25467529779899006,0.012281205815758827,0.9259346314414159,0.25467529779899006,0.012281205815758827,0.02163189241049714,0.2978823601008704,0.1455423618738105,0.05205100246602954,0.46003855421686746,0.5399614457831325
6490.281124497992,0.47665560048310307,0.00027493969721973554,0.47693054018032255,0.17094741155383478,0.0,0.47693054018032255,0.3521220482658424,0.9243694736268999,0.2532728479239099,0.01213784809009612,0.9243694736268999,0.2532728479239099,0.01213784809009612,0.022253693164548727,0.29871539911751566,0.14508113262925973,0.05214419711791154,0.4580562248995984,0.5419437751004016
6480.369477911647,0.47487069478373545,0.00022290410097701584,0.47509359888471253,0.17170443746421749,0.0,0.47509359888471253,0.3532019636510698,0.9228109173983081,0.25196706088189663,0.012008333058033827,0.9228109173983081,0.25196706088189663,0.012008333058033827,0.022877607097615327,0.2994484142124957,0.14460071294533433,0.052237755429789555,0.45607389558232936,0.5439261044176706
6470.457831325301,0.4731835110009211,0.00018030446699501224,0.4733638154679162,0.17238919980957396,0.0,0.4733638154679162,0.3542469847225099,0.9212619964299644,0.2508228610441203,0.011892434301048018,0.9212619964299644,0.2508228610441203,0.011892434301048018,0.023501753162428553,0.30006075364218654,0.14410278253143852,0.05191690383332542,0.4540915662650603,0.5459084337349397
6460.546184738956,0.471571739193366,0.00014538834130823348,0.47171712753467443,0.17302572440862626,0.0,0.47171712753467443,0.3552571480566991,0.919718373192359,0.24988935119390496,0.011789927269255509,0.919718373192359,0.24988935119390496,0.011789927269255509,0.024128181449774647,0.3005372550350507,0.14359103870612583,0.051580006061959185,0.45210923694779126,0.5478907630522087
6450.63453815261,0.4700174262722049,0.00011679869799143441,0.47013422497019614,0.173610577081427,0.0,0.47013422497019614,0.3562551979483769,0.9181753546005147,0.24908032253286608,0.011700500504090569,0.9181753546005147,0.24908032253286608,0.011700500504090569,0.02475979920447552,0.30086976506151925,0.14307106930422692,0.051624620816004774,0.450126907630522,0.549873092369478
6440.722891566265,0.4685361609755193,9.349644669795689e-05,0.4686296574222173,0.17412792693531068,0.0,0.4686296574222173,0.3572424156424719,0.9166355869450604,0.2483312831421595,0.011623783570097756,0.9166355869450604,0.2483312831421595,0.011623783570097756,0.02539643458590611,0.3010583264411648,0.1425507167190068,0.05169148501407096,0.44814457831325305,0.551855421686747
6430.811244979919,0.4671639969690565,7.457016478593164e-05,0.46723856713384226,0.1745588493017381,0.0,0.46723856713384226,0.35820258356441953,0.9151047723577522,0.24761720171438045,0.011559411886356799,0.9151047723577522,0.24761720171438045,0.011559411886356799,0.026036767619253907,0.30110224591946233,0.1420404417918366,0.05194422282752168,0.4461622489959839,0.5538377510040161
6420.899598393575,0.46595453133569403,5.928921696549088e-05,0.46601382055265955,0.17487048472316113,0.0,0.46601382055265955,0.35911569472417965,0.9135948561464418,0.24690557250195527,0.01150706525461416,0.9135948561464418,0.24690557250195527,0.01150706525461416,0.026676417133043924,0.3010036988371537,0.1415533058440407,0.05221158356525961,0.44417991967871495,0.555820080321285
6410.9879518072285,0.4649612843241076,4.7018240483451216e-05,0.4650083025645911,0.17504047802158337,0.0,0.4650083025645911,0.3599512194138255,0.9121207009373906,0.24622722612288786,0.011466472805756495,0.9121207009373906,0.24622722612288786,0.011466472805756495,0.02730953445372697,0.3007619643770309,0.14110454257745722,0.05223584969380635,0.4421975903614457,0.5578024096385543
6401.076305220883,0.4642573840360425,3.721255871748589e-05,0.46429459659476,0.17503596682631956,0.0,0.46429459659476,0.36066943657892075,0.9106975005060196,0.24562838486430022,0.011437288141933557,0.9106975005060196,0.24562838486430022,0.011437288141933557,0.02792994102185837,0.3003831085255801,0.14071034135618124,0.05223584969380633,0.44021526104417663,0.5597847389558234
6391.164658634538,0.4638953660514048,2.9415264285990054e-05,0.4639247813156908,0.17484999102642262,0.0,0.4639247813156908,0.36122522765788656,0.9093430976859712,0.24521058044270297,0.011418917271640542,0.9093430976859712,0.24521058044270297,0.011418917271640542,0.028529728595160304,0.2998905496373787,0.140386373692937,0.051572956445875506,0.4382329317269076,0.5617670682730924
6381.253012048192,0.46390361755630466,2.320109763782388e-05,0.4639268186539425,0.1744959888608915,0.0,0.4639268186539425,0.3615771924851664,0.9080694126114045,0.2450946484311441,0.011410216456341733,0.9080694126114045,0.2450946484311441,0.011410216456341733,0.029103326609149365,0.2993229361241746,0.140145704245333,0.05082931074774222,0.43625060240963853,0.5637493975903615
6371.341365461847,0.46442813316937737,1.829212058269317e-05,0.4644464252899601,0.17384992403156785,0.0,0.4644464252899601,0.3617036506784719,0.906890061430926,0.24520794770035903,0.011409113606140952,0.906890061430926,0.24520794770035903,0.011409113606140952,0.02964035603500695,0.2987313855774346,0.1399961927673339,0.05118174490119433,0.4342682730923695,0.5657317269076305
6361.429718875502,0.4657327567971807,1.4585155402478283e-05,0.4657473419525833,0.1726513331337762,0.0,0.4657473419525833,0.36160132491364005,0.9058211725541029,0.24542726101164908,0.011412373757064815,0.9058211725541029,0.24542726101164908,0.011412373757064815,0.03011976562832764,0.298175448398244,0.13993818541661998,0.051692795433911046,0.4322859437751003,0.5677140562248997
6351.518072289156,0.4672967156670378,1.187070750647452e-05,0.4673085863745445,0.17137839589218967,0.0,0.4673085863745445,0.3613130177332659,0.9048338993118651,0.24664748828608848,0.011415367481278629,0.9048338993118651,0.24664748828608848,0.011415367481278629,0.030539754498259408,0.2977294941726011,0.13996163462940386,0.043875023611890045,0.4303036144578313,0.5696963855421687
6341.606425702811,0.4659913263013133,9.503206028655383e-06,0.4660008295073422,0.17234543017207474,0.0,0.4660008295073422,0.36165374032058295,0.9037571147689623,0.25041012849520994,0.011411026523446171,0.9037571147689623,0.25041012849520994,0.011411026523446171,0.03098708122164234,0.29745275388480075,0.14003907373986324,0.03465334044598368,0.4283212851405622,0.5716787148594378
6331.694779116466,0.46201442520785924,7.30328338031303e-06,0.46202172849123957,0.17524089159761602,0.0,0.46202172849123957,0.36273737991114463,0.9023843083477512,0.2546911626913608,0.01138872682191206,0.9023843083477512,0.2546911626913608,0.01138872682191206,0.03158408956375012,0.29732486757306753,0.14011949695179757,0.039586204918927684,0.4263389558232932,0.5736610441767068
6321.78313253012,0.4595227386331076,5.588008427167722e-06,0.4595283266415346,0.17700247604095792,0.0,0.4595283266415346,0.36346919731750715,0.900825834477093,0.2560427658173387,0.011337456068193096,0.900825834477093,0.2560427658173387,0.011337456068193096,0.03228672077261202,0.2977864413777628,0.14014596776196578,0.04725689291969544,0.4243566265060241,0.5756433734939759
6311.871485943775,0.45774882874302275,4.291392309444671e-06,0.45775312013533226,0.17803886744935563,0.0,0.45775312013533226,0.3642080124153123,0.8992370555270688,0.2555048292117096,0.011252228144815283,0.8992370555270688,0.2555048292117096,0.011252228144815283,0.03301244614843948,0.29867000573077895,0.14008927532873525,0.04917563318151524,0.4223742971887551,0.5776257028112449
6301.95983935743,0.45582306928994515,3.285264015144699e-06,0.45582635455396026,0.17902898856518334,0.0,0.45582635455396026,0.3651446568808565,0.8976486348135876,0.2541981536478558,0.011132647181723906,0.8976486348135876,0.2541981536478558,0.011132647181723906,0.033743192835117584,0.29975729971267384,0.13994177355231163,0.049832582536174626,0.420391967871486,0.579608032128514
6292.048192771084,0.45369898054408764,2.5061588754631325e-06,0.4537014867029631,0.18002765429205708,0.0,0.4537014867029631,0.36627085900497997,0.8960659527017886,0.2524439057360576,0.010980652643930893,0.8960659527017886,0.2524439057360576,0.010980652643930893,0.034474911416090076,0.300963332048021,0.13970564317709877,0.05015159899994863,0.418144578313253,0.581855421686747
6282.136546184739,0.4514205312931159,1.9051238437488713e-06,0.4514224364169595,0.18104223891899848,0.0,0.4514224364169595,0.3675353246640425,0.8944870920047449,0.2503469968216526,0.01079959395336691,0.8944870920047449,0.2503469968216526,0.01079959395336691,0.03520737749532997,0.3022466426177388,0.1393877007485409,0.05038732695324177,0.4158318607764392,0.5841681392235608
6272.224899598394,0.4489866063945302,1.4429713288476815e-06,0.4489880493658591,0.18207837181444855,0.0,0.4489880493658591,0.36893357881969274,0.8929087546398663,0.24793396439346682,0.010593590428255934,0.8929087546398663,0.24793396439346682,0.010593590428255934,0.035941458882358196,0.3035796422750552,0.1389963362014164,0.05059356182892366,0.41351914323962524,0.5864808567603748
6262.313253012048,0.44642390883613925,1.0885630141634527e-06,0.4464249973991533,0.1831421721515043,0.0,0.4464249973991533,0.3704328304493423,0.8913269433036234,0.24531382527948276,0.010367092628613357,0.8913269433036234,0.24531382527948276,0.010367092628613357,0.0366792976717458,0.304936116595433,0.13854007960382325,0.05079169220187355,0.4112064257028113,0.5887935742971887
6252.401606425703,0.44375978315562714,8.175258331961162e-07,0.4437606006814602,0.1842238645038837,0.0,0.4437606006814602,0.37201553481465593,0.889739091634667,0.24250346073301507,0.010124622601943743,0.889739091634667,0.24250346073301507,0.010124622601943743,0.037423127151034345,0.3063036013611607,0.13802725301692584,0.0512686124959868,0.40889370816599735,0.5911062918340027
6242.489959839358,0.44103808638919995,6.113736789283745e-07,0.44103869776287874,0.18529520405685126,0.0,0.44103869776287874,0.3736660981802698,0.8881495878926203,0.2394906628365005,0.009870699036557748,0.8881495878926203,0.2394906628365005,0.009870699036557748,0.03817162449746995,0.30767277136385,0.13746641342052576,0.05183040752297012,0.4065809906291835,0.5934190093708165
6232.578313253012,0.43829263905457966,4.5537048186069747e-07,0.4382930944250613,0.18633838951842074,0.0,0.4382930944250613,0.37536851605651755,0.8865661643232225,0.23629974174204693,0.00960983320830256,0.8865661643232225,0.23629974174204693,0.00960983320830256,0.03892152774444908,0.3090286949908441,0.13686691703179676,0.052369700831746205,0.40426827309236957,0.5957317269076304
6222.666666666666,0.4355634266320979,3.3793468140056283e-07,0.4355637645667793,0.18733189316455418,0.0,0.4355637645667793,0.37710434226866657,0.884998066623699,0.23296856306504962,0.009346467695386282,0.884998066623699,0.23296856306504962,0.009346467695386282,0.039668252432081025,0.3103533256625748,0.13623899894459102,0.05290144486276882,0.4019555555555554,0.5980444444444446
6212.755020080322,0.4328854134158065,2.5002568351696266e-07,0.43288566344149,0.18826286334860756,0.0,0.43288566344149,0.37885147320990226,0.8834546178801156,0.2295740873453737,0.009084876310357889,0.8834546178801156,0.2295740873453737,0.009084876310357889,0.04040639042569682,0.3116245465940292,0.13559356816396412,0.0531733208286323,0.3996428380187418,0.6003571619812582
6202.843373493975,0.4302724550808824,1.8449378861156542e-07,0.43027263957467093,0.18912830616946288,0.0,0.43027263957467093,0.38059905425586577,0.8819399207101121,0.22618692554459868,0.008829008434374518,0.8819399207101121,0.22618692554459868,0.008829008434374518,0.04113274369367499,0.3128191481428341,0.13494166566984475,0.05334954690798499,0.3973301204819276,0.6026698795180724
6192.931726907631,0.4277822412864341,1.3588488293071601e-07,0.427782377171317,0.18993391897543724,0.0,0.427782377171317,0.382283703853246,0.8804534886657502,0.22300955077722176,0.008582327867332658,0.8804534886657502,0.22300955077722176,0.008582327867332658,0.04184662601799691,0.31392338002546494,0.13429386625286943,0.05308583480798544,0.3950174029451139,0.6049825970548861
6183.020080321285,0.42536274701793925,9.979432524041826e-08,0.4253628468122644,0.1907275895520153,0.0,0.4253628468122644,0.38390956363572004,0.8789857042084873,0.2200884348503686,0.008347664346222073,0.8789857042084873,0.2200884348503686,0.008347664346222073,0.04255351281958975,0.31492715062860743,0.13365967542805834,0.05264514757674649,0.39270468540829984,0.6072953145917002
6173.108433734939,0.42295086452860736,7.29759002297867e-08,0.42295093750450763,0.19151273016655593,0.0,0.42295093750450763,0.38553633232893675,0.8775263032681375,0.21725572573425342,0.008127149835613573,0.8775263032681375,0.21725572573425342,0.008127149835613573,0.04326061679613928,0.3158040827690657,0.13304733737784594,0.05282099219435389,0.3903919678714859,0.6096080321285141
6163.196787148594,0.4206409473267,5.317796354617492e-08,0.4206410005046636,0.19222228961121135,0.0,0.4206410005046636,0.38713670988412474,0.8760796899605428,0.2144570388815274,0.007922306821089808,0.8760796899605428,0.2144570388815274,0.007922306821089808,0.043966803152884336,0.3165532682345498,0.13246447819451512,0.053267018601199326,0.38807925033467194,0.6119207496653281
6153.285140562249,0.4184876694965671,3.865775391877998e-08,0.418487708154321,0.19283225594421244,0.0,0.418487708154321,0.3886800359014664,0.874655865987806,0.21173853931877726,0.007734243178613274,0.874655865987806,0.21173853931877726,0.007734243178613274,0.04466763606011256,0.3171702414166944,0.13191920613494074,0.0532932971448987,0.385766532797858,0.614233467202142
6143.373493975903,0.4165119395249112,2.8022452651468253e-08,0.4165119675473639,0.1933571568043089,0.0,0.4165119675473639,0.39013087564832766,0.8732606976331043,0.20919351335046762,0.007563692667111261,0.8732606976331043,0.20919351335046762,0.007563692667111261,0.0453619832572144,0.3176547041268778,0.13141996383338608,0.05311974357193289,0.38345381526104416,0.6165461847389558
6133.461847389558,0.4147776474134945,2.0244767433451557e-08,0.41477766765826174,0.19376865174864613,0.0,0.41477766765826174,0.39145368059309205,0.8719031846987373,0.20683599489567822,0.007410987508889204,0.8719031846987373,0.20683599489567822,0.007410987508889204,0.04604774481393231,0.31801403496523417,0.13097475255513868,0.0532262208759718,0.3811410977242302,0.6188589022757698
6123.550200803213,0.4134077623614826,1.4595540903070401e-08,0.4134077769570233,0.1939844307740688,0.0,0.4134077769570233,0.3926077922689077,0.8706032874880514,0.2046560337772605,0.0072760707303076025,0.8706032874880514,0.2046560337772605,0.0072760707303076025,0.046715574813122426,0.3182635786284614,0.13059059020239566,0.05347718585610646,0.37882838018741627,0.6211716198125837
6113.638554216867,0.4125160628341048,1.0528031054491165e-08,0.4125160733621358,0.19394521921472677,0.0,0.4125160733621358,0.3935387074231377,0.8693864015851396,0.20277373716345534,0.007158466857269247,0.8693864015851396,0.20277373716345534,0.007158466857269247,0.0473496483469245,0.3184365967869232,0.13027262885162572,0.053069876633592625,0.3765156626506023,0.6234843373493977
6103.726907630522,0.412200468944297,7.6246260991174e-09,0.412200476568923,0.1936007596552544,0.0,0.412200476568923,0.3941987637758229,0.8682654415358249,0.20135832148114804,0.007057109882175814,0.8682654415358249,0.20135832148114804,0.007057109882175814,0.04793619393022778,0.3185913989906113,0.1300220291595149,0.05229519721212607,0.3742029451137885,0.6257970548862115
6093.815261044177,0.4123258868494462,5.571693313165969e-09,0.4123258924211395,0.1930913477049577,0.0,0.4123258924211395,0.39458275987390284,0.86722895500037,0.20073329825778896,0.006970089948699249,0.86722895500037,0.20073329825778896,0.006970089948699249,0.04847044229739762,0.31882405918828527,0.12983292815567637,0.04921876238515715,0.37189022757697454,0.6281097724230255
6083.903614457831,0.41216961735547886,4.084328995297389e-09,0.412169621439808,0.1930068154781921,0.0,0.412169621439808,0.3948235630819999,0.8662092140099203,0.20134631584724003,0.006894322308236437,0.8662092140099203,0.20134631584724003,0.006894322308236437,0.048981449531326604,0.31925918894301575,0.1296886440618193,0.04475529572941807,0.3695775100401606,0.6304224899598394
6073.991967871486,0.4110489734433986,2.9676206068945114e-09,0.41104897641101934,0.1937702521689915,0.0,0.41104897641101934,0.3951807714199894,0.8651000682689906,0.20300399587873663,0.006825280813432426,0.8651000682689906,0.20300399587873663,0.006825280813432426,0.049526720177606176,0.3198932912004271,0.12955866812670808,0.0429990366630844,0.36726479250334676,0.6327352074966532
6064.080321285141,0.4088531274400833,2.1298253440173116e-09,0.40885312956990877,0.1953207199128682,0.0,0.40885312956990877,0.3958261505172236,0.8638195699783061,0.20491452167354576,0.006757388472747529,0.8638195699783061,0.20491452167354576,0.006757388472747529,0.050158500179974905,0.32061143637495676,0.1294016094904833,0.0430017386775676,0.3649520749665328,0.6350479250334672
6054.168674698795,0.4061000615154447,1.506410090638923e-09,0.406100063021855,0.19718950803031457,0.0,0.406100063021855,0.39671042894783054,0.8623401015619857,0.2061587712658395,0.006685010680026607,0.8623401015619857,0.2061587712658395,0.006685010680026607,0.05090507960774979,0.32138474664901445,0.12917388187831408,0.04569330943450372,0.36263935742971887,0.6373606425702811
6044.25702811245,0.40364668146402505,1.0564384530019156e-09,0.4036466825204634,0.19863365887433687,0.0,0.4036466825204634,0.39771965860519976,0.860724323946047,0.2059182319348025,0.0066037959598338174,0.860724323946047,0.2059182319348025,0.0066037959598338174,0.05173912256529184,0.3222147779808645,0.12884140871562372,0.050266347575966173,0.3603266398929049,0.6396733601070951
6034.345381526105,0.40156760944422126,7.408137973539789e-10,0.4015676101850351,0.19955986387047647,0.0,0.4015676101850351,0.39887252594448824,0.859072430841302,0.2044308248568699,0.006511723010640911,0.859072430841302,0.2044308248568699,0.006511723010640911,0.05260153655143436,0.3230730412358564,0.12838868764814146,0.052199957157948285,0.3580139223560911,0.6419860776439089
6024.433734939759,0.39947460012802416,5.190599017651286e-10,0.3994746006470842,0.20032657326380676,0.0,0.3994746006470842,0.40019882608910873,0.8574216130896297,0.20240089503108388,0.0064087751325157824,0.8574216130896297,0.20240089503108388,0.0064087751325157824,0.05346778859249374,0.3239144771882078,0.12781633634083073,0.05214649694373056,0.35570120481927714,0.6442987951807229
6014.522088353413,0.3973398897702419,3.626810265152222e-10,0.39733989013292287,0.20105454474046275,0.0,0.39733989013292287,0.4016055651266144,0.8557703659709028,0.20026796482406312,0.0062959813525567555,0.8557703659709028,0.20026796482406312,0.0062959813525567555,0.05433770363706609,0.3247342827373101,0.12713303337277218,0.05214178814918693,0.35338848728246297,0.646611512717537
6004.610441767069,0.3951924533968259,2.5276495731598977e-10,0.3951924536495908,0.20172822236605584,0.0,0.3951924536495908,0.4030793239843534,0.8541177340787804,0.19805534864893992,0.006174857344788768,0.8541177340787804,0.19805534864893992,0.006174857344788768,0.055210902556944524,0.32550769431302623,0.12635069768021256,0.05217653798171092,0.35107576974564936,0.6489242302543506
5994.698795180722,0.3929822652701184,1.7572210649563334e-10,0.39298226544584036,0.20235612861065683,0.0,0.39298226544584036,0.40466160594350276,0.8524638166939267,0.19569890687735164,0.006047147805426345,0.8524638166939267,0.19569890687735164,0.006047147805426345,0.05608628718015258,0.32620428703871557,0.12548252162641915,0.05214980959216788,0.3487630522088352,0.6512369477911648
5984.787148594378,0.3907398337570778,1.21834695653701e-10,0.3907398338789123,0.20295196575567143,0.0,0.3907398338789123,0.4063082003654159,0.8508073306131546,0.19332739429260165,0.005914636002951364,0.8508073306131546,0.19332739429260165,0.005914636002951364,0.056964034478041166,0.32682668822802924,0.12454179785364358,0.05206961377919085,0.34645033467202146,0.6535496653279785
5974.875502008032,0.3884744077762092,8.420963519213603e-11,0.3884744078604188,0.20352594464510812,0.0,0.3884744078604188,0.40799964749447326,0.8491456857280169,0.1909821095835468,0.0057790297888033245,0.8491456857280169,0.1909821095835468,0.0057790297888033245,0.05784597466822327,0.3273732713744763,0.12354132136463862,0.05210274474420336,0.3441376171352073,0.6558623828647927
5964.963855421687,0.3862023128297651,5.801061613684112e-11,0.3862023128877758,0.20407285556526789,0.0,0.3862023128877758,0.40972483154695666,0.8474792738546468,0.18865523677838927,0.005641915711401545,0.8474792738546468,0.18865523677838927,0.005641915711401545,0.05873284029822873,0.32784162873133915,0.12249321300074721,0.05224174210370146,0.3418248995983937,0.6581751004016063
5955.052208835341,0.3839511173733525,3.9823782449189145e-11,0.3839511174131762,0.20457610926638256,0.0,0.3839511174131762,0.411472773320441,0.8458127328127696,0.1863273958371834,0.005504764398952301,0.8458127328127696,0.1863273958371834,0.005504764398952301,0.05962302010371602,0.3282299074890606,0.12140904022572085,0.052511391084490225,0.3395121820615795,0.6604878179384205
5945.140562248996,0.38177726971428677,2.725766515903451e-11,0.38177726974154447,0.20499356741117145,0.0,0.38177726974154447,0.4132291628472844,0.8441555915488105,0.18397574465219377,0.005368942709372816,0.8441555915488105,0.18397574465219377,0.005368942709372816,0.060511159293987135,0.32853649439847216,0.12029993085109499,0.0529121158801452,0.33719946452476557,0.6628005354752344
5935.22891566265,0.3797043848392953,1.8625858819813045e-11,0.37970438485792113,0.20531728622729833,0.0,0.37970438485792113,0.4149783289147809,0.8425179897459111,0.18164708987580933,0.005235715543672507,0.8425179897459111,0.18164708987580933,0.005235715543672507,0.06139035048954617,0.32876811334899364,0.11917657194425113,0.052936059086418755,0.33488674698795173,0.6651132530120483
5925.317269076305,0.37767920135170446,1.2704482268105226e-11,0.3776792013644091,0.20561366240713858,0.0,0.3776792013644091,0.41670713622845273,0.8409008198667676,0.17945459915275222,0.0051061815778330214,0.8409008198667676,0.17945459915275222,0.0051061815778330214,0.06225916038998168,0.3289456759956523,0.11804859027086233,0.052554042331069264,0.3325740294511378,0.6674259705488622
5915.40562248996,0.3756627789344175,8.639280810465507e-12,0.37566277894305666,0.20592527330392493,0.0,0.37566277894305666,0.4184119477530182,0.8392972541827044,0.1774279469321989,0.0049811869448099875,0.8392972541827044,0.1774279469321989,0.0049811869448099875,0.06312157220377852,0.3290817983082919,0.11692371446729073,0.05237511636249924,0.33026131191432384,0.6697386880856762
5905.493975903614,0.3736973870741388,5.857089469283816e-12,0.3736973870799959,0.2062262700984644,0.0,0.3736973870799959,0.4200763428215397,0.8377033797037677,0.17556042836368654,0.0048613095980172515,0.8377033797037677,0.17556042836368654,0.0048613095980172515,0.06398019407217823,0.3291794232165587,0.11580766842906702,0.05243123602478228,0.32794859437751,0.67205140562249
5895.582329317269,0.37182991476501825,3.960850534879832e-12,0.37182991476897925,0.20649370105531747,0.0,0.37182991476897925,0.4216763841757034,0.836118657435673,0.17386688460887706,0.004746903769105551,0.836118657435673,0.17386688460887706,0.004746903769105551,0.06483564818667945,0.32924107137138126,0.11470470214822219,0.05249211615530186,0.32563587684069606,0.6743641231593039
5885.6706827309235,0.3700070060077407,2.6713557510352824e-12,0.3700070060104121,0.20673302906640686,0.0,0.3700070060104121,0.4232599649231809,0.8345416917268896,0.17223788310213167,0.004638147086276853,0.8345416917268896,0.17223788310213167,0.004638147086276853,0.06568893378461983,0.3292425094047217,0.11361810502489567,0.052558916577228346,0.3233231593038821,0.6766768406961179
5875.759036144578,0.36819383188203175,1.7969056896930981e-12,0.3681938318838287,0.2069509940123044,0.0,0.3681938318838287,0.4248551741038668,0.8329719275088044,0.17062326395517252,0.0045350747404934635,0.8329719275088044,0.17062326395517252,0.0045350747404934635,0.06654036029840193,0.3291806572044755,0.1125504976692054,0.05257998572030169,0.3210104417670683,0.6789895582329317
5865.847389558233,0.3664107761421072,1.205521032751924e-12,0.36641077614331274,0.20715603645288638,0.0,0.36641077614331274,0.42643318740380115,0.8314078901519657,0.16909257637716563,0.004437614234113059,0.8314078901519657,0.16909257637716563,0.004437614234113059,0.06739082826567644,0.3290764237011715,0.11150400968993417,0.05253990660036306,0.31869772423025433,0.6813022757697457
5855.9357429718875,0.3646542614251436,8.064585675545809e-13,0.36465426142595003,0.20735617587607755,0.0,0.36465426142595003,0.4279895626979723,0.8298470300603152,0.16765244830652207,0.0043456141313003,0.8298470300603152,0.16765244830652207,0.0043456141313003,0.0682421417486933,0.32893503505305544,0.11048033039424097,0.0525392696216284,0.3163850066934404,0.6836149933065596
5846.024096385542,0.3629284687615041,5.379186997460906e-13,0.36292846876204204,0.20754753315556834,0.0,0.36292846876204204,0.4295239980823892,0.8282876538532427,0.16628463204251467,0.004258875888769745,0.8282876538532427,0.16628463204251467,0.004258875888769745,0.06909582982344721,0.3287569537641392,0.10948078240341597,0.05259537943893415,0.31407228915662655,0.6859277108433735
5836.112449799197,0.3612411681532502,3.577488687090299e-13,0.36124116815360785,0.2077234667120078,0.0,0.36124116815360785,0.4310353651343841,0.8267296018778922,0.1649712481549185,0.00417719038357922,0.8267296018778922,0.1649712481549185,0.00417719038357922,0.06995265792786398,0.3285428376653956,0.10850645752226451,0.05268082235250068,0.3117595716198126,0.6882404283801874
5826.2008032128515,0.35960826955726327,2.372519107601351e-13,0.3596082695575006,0.20787170989228534,0.0,0.3596082695575006,0.4325200205502137,0.825174219217771,0.16369822271330808,0.004100370068979029,0.825174219217771,0.16369822271330808,0.004100370068979029,0.0708124967729887,0.3282943566953451,0.10755831749440833,0.052811719444157315,0.30944685408299866,0.6905531459170013
5816.289156626506,0.35804480175700587,1.5694900654229544e-13,0.3580448017571628,0.2079836784214685,0.0,0.3580448017571628,0.4339715198213688,0.8236243460779032,0.16246768924884963,0.004028273917900313,0.8236243460779032,0.16246768924884963,0.004028273917900313,0.07167412953054682,0.3280174624843859,0.10663722431248301,0.052875608734426115,0.3071341365461848,0.6928658634538152
5806.37751004016,0.35654750522938017,1.0357138915563278e-13,0.35654750522948386,0.20807004255323885,0.0,0.35654750522948386,0.43538245221727756,0.8220822710724209,0.16130563068064302,0.003960818297486074,0.8220822710724209,0.16130563068064302,0.003960818297486074,0.07253651851727438,0.32772501869271387,0.10574381292408429,0.05282752827865302,0.30482141900937065,0.6951785809906293
5796.4658634538155,0.3551203776866635,6.816592302221808e-14,0.3551203776867317,0.2081326103191407,0.0,0.3551203776867317,0.436747011994128,0.8205491040369323,0.16022780599360306,0.003897973981556092,0.8205491040369323,0.16022780599360306,0.003897973981556092,0.07339895974033582,0.32742878186546653,0.1048781965790991,0.05281944954623582,0.30250870147255693,0.6974912985274431
5786.554216867469,0.3537975734708128,4.4775772781455455e-14,0.3537975734708576,0.2081395842973043,0.0,0.3537975734708576,0.43806284223183783,0.8190259857673458,0.15922800431856238,0.0038397656288831775,0.8190259857673458,0.15922800431856238,0.0038397656288831775,0.07425933525844802,0.32713573320598893,0.10403968054378274,0.05288355574187444,0.30019598393574287,0.6998040160642571
5776.642570281125,0.35256484514672803,2.940371189703442e-14,0.3525648451467574,0.20810027215230512,0.0,0.3525648451467574,0.43933488270093723,0.8175102408379765,0.15834411659039094,0.003786281225451946,0.8175102408379765,0.15834411659039094,0.003786281225451946,0.07511594573405116,0.3268704387679753,0.10322654667890917,0.05256817479793363,0.29788326639892915,0.7021167336010709
5766.7309236947785,0.3512234686826998,1.929290843392223e-14,0.35122346868271914,0.20818938131286757,0.0,0.35122346868271914,0.44058715000441306,0.8159841813375189,0.15769136447503024,0.003737673305612386,0.8159841813375189,0.15769136447503024,0.003737673305612386,0.07597666165501325,0.3266993516893931,0.10243568392087984,0.051511976854239486,0.295570548862115,0.704429451137885
5756.819277108434,0.34957825147804517,1.259504581070544e-14,0.3495782514780579,0.20855566192225153,0.0,0.3495782514780579,0.4418660865996908,0.8144136077919572,0.15726130604303573,0.00369415550038277,0.8144136077919572,0.15726130604303573,0.00369415550038277,0.07686333733474934,0.3266264419820059,0.10166220051257908,0.05106422064436576,0.29325783132530125,0.7067421686746987
5746.907630522088,0.3477425215242234,8.173120916409128e-15,0.3477425215242315,0.20905394573549502,0.0,0.3477425215242315,0.44320353274027335,0.8127782436073909,0.15679072948351147,0.0036560900147376454,0.8127782436073909,0.15679072948351147,0.0036560900147376454,0.07779219677800325,0.3265435218406478,0.10090038894800094,0.0519040254772735,0.2909451137884872,0.7090548862115128
5736.995983935743,0.34589770842374346,5.280620140319114e-15,0.3458977084237488,0.20950984300148817,0.0,0.3458977084237488,0.44459244857476315,0.8110898173312685,0.1560845802834991,0.0036242151005635207,0.8110898173312685,0.1560845802834991,0.0036242151005635207,0.07875906034345247,0.32638543985244983,0.10014670060938959,0.052792686069938755,0.2886323962516735,0.7113676037483265
5727.084337349397,0.3441142431413172,3.3980571460737903e-15,0.3441142431413207,0.20986131371277178,0.0,0.3441142431413207,0.4460244431459072,0.809368194573564,0.15511605383240934,0.0035998704025805768,0.809368194573564,0.15511605383240934,0.0035998704025805768,0.07975360063848516,0.3261325598855687,0.0994026836656913,0.05379368878397224,0.2863196787148594,0.7136803212851406
5717.172690763053,0.3424800998741123,2.1814361766248067e-15,0.34248009987411454,0.2100558800126444,0.0,0.34248009987411454,0.44746402011324093,0.8076377133462028,0.15395274950932747,0.0035850902642570316,0.8076377133462028,0.15395274950932747,0.0035850902642570316,0.08076048441045933,0.325793712342903,0.09867613826521103,0.05448616155801543,0.2840069611780457,0.7159930388219543
5707.2610441767065,0.34098579469160223,1.398729866976419e-15,0.34098579469160345,0.21016434902980274,0.0,0.34098579469160345,0.4488498562785937,0.8059122264039021,0.15281807796304311,0.0035826363171535015,0.8059122264039021,0.15281807796304311,0.0035826363171535015,0.08177007674508954,0.325440140287855,0.09798135938065469,0.054405556471060615,0.2816942436412315,0.7183057563587685
5697.349397590361,0.3395533725732241,8.946300588199815e-16,0.33955337257322493,0.21027054019318075,0.0,0.33955337257322493,0.4501760872335946,0.8041912595578976,0.15175595941437914,0.0035959519449326382,0.8041912595578976,0.15175595941437914,0.0035959519449326382,0.08278231025722678,0.32508299387955697,0.09733839127427536,0.05432495138410578,0.27946987951807223,0.7205301204819278
5687.437751004016,0.338196383904955,5.707953704879178e-16,0.3381963839049555,0.2103833515481275,0.0,0.3381963839049555,0.4514202645469171,0.8024760079499808,0.15074140811690487,0.0036291598082758107,0.8024760079499808,0.15074140811690487,0.0036291598082758107,0.08379625392787461,0.32470646282704246,0.09677303338975853,0.05424434629715098,0.2774875502008032,0.7225124497991968
5677.5261044176705,0.33691843130911375,3.632601249814286e-16,0.33691843130911414,0.2105071660643878,0.0,0.33691843130911414,0.4525744026264982,0.8007678114229181,0.1498667591163143,0.0036871090141478396,0.8007678114229181,0.1498667591163143,0.0036871090141478396,0.08481102484118652,0.3243454462198681,0.0963178496990048,0.05416374121019615,0.27550522088353413,0.7244947791164659
5667.614457831325,0.33573617411750006,2.305988667340071e-16,0.33573617411750023,0.2106552198074497,0.0,0.33573617411750023,0.45360860607505005,0.7990678803090897,0.149165884285951,0.0037754222548536985,0.7990678803090897,0.149165884285951,0.0037754222548536985,0.08582592314158487,0.3240156193893108,0.09601360549003794,0.05408313612324135,0.2735228915662651,0.7264771084337349
5657.70281124498,0.3346604242885519,1.4601150815794944e-16,0.334660424288552,0.21084472387336992,0.0,0.334660424288552,0.4544948518380777,0.7973772311696434,0.14866156677002199,0.003900526421127778,0.7973772311696434,0.14866156677002199,0.003900526421127778,0.08684043983434146,0.32373306889985365,0.09591099167482653,0.05400253103628655,0.2715405622489959,0.7284594377510041
5647.791164658634,0.3337003654173967,9.221282048582775e-17,0.33370036541739684,0.21109694557452924,0.0,0.33370036541739684,0.4552026890080738,0.7956966566875053,0.14837311526455926,0.00406964431610671,0.7956966566875053,0.14837311526455926,0.00406964431610671,0.08785425039942223,0.32351637104212416,0.09607249505577026,0.05392192594933173,0.26955823293172687,0.7304417670682731
5637.879518072289,0.33286668848717554,5.808356926847608e-17,0.3328666884871756,0.2114373993907657,0.0,0.3328666884871756,0.4556959121220588,0.7940267326180043,0.1483222530199339,0.0042907184560313635,0.7940267326180043,0.1483222530199339,0.0042907184560313635,0.08886720141500214,0.3233879619116159,0.09657426742768324,0.0538413208623769,0.2675759036144578,0.7324240963855422
5627.967871485944,0.3321801355164179,3.648906093477959e-17,0.3321801355164179,0.21189548271998856,0.0,0.3321801355164179,0.45592438176359346,0.7923678607994804,0.14854942064041426,0.004572233324889838,0.7923678607994804,0.14854942064041426,0.004572233324889838,0.08987928635885614,0.32337867394813524,0.09750784460618248,0.053760715775422095,0.2655935742971888,0.7344064257028112
5618.056224899598,0.33170245984834745,2.2864246721153862e-17,0.33170245984834745,0.21250103869087286,0.0,0.33170245984834745,0.4557965014607796,0.7907202830728455,0.14917365439347544,0.00492289921734672,0.7907202830728455,0.14917365439347544,0.00492289921734672,0.09089061224736471,0.32355356306010863,0.09898155162303829,0.053680110688467286,0.2636112449799197,0.7363887550200803
5608.144578313253,0.3313579107070356,1.4283628757654922e-17,0.33135791070703563,0.21330322419921452,0.0,0.33135791070703563,0.45533886509374993,0.7890834024483674,0.15005721261405294,0.005351160833178128,0.7890834024483674,0.15005721261405294,0.005351160833178128,0.09190181530051532,0.32390760804507396,0.10112142143749994,0.053599505601512464,0.2616289156626507,0.7383710843373493
5598.232931726907,0.33110202347007733,8.89695545419242e-18,0.33110202347007733,0.21435100813130611,0.0,0.33110202347007733,0.45454696839861686,0.7874574863257173,0.15110760987433536,0.005864494836085123,0.7874574863257173,0.15110760987433536,0.005864494836085123,0.09291298188504066,0.32443955840301225,0.10407143756298584,0.05351890051455764,0.2596465863453814,0.7403534136546186
5588.321285140562,0.331005424779163,5.526190916993463e-18,0.331005424779163,0.21568515366979304,0.0,0.331005424779163,0.4533094215510442,0.7858418496828968,0.15244971752509381,0.006468473013148204,0.7858418496828968,0.15244971752509381,0.006468473013148204,0.0939248586898754,0.32521320127844433,0.10799291206553419,0.053438295427602846,0.25766425702811246,0.7423357429718875
5578.409638554216,0.3310705085647502,3.422603920873566e-18,0.3310705085647502,0.21735833532284027,0.0,0.3310705085647502,0.4515711561124096,0.7842360109638195,0.1540869008306778,0.007165596676384137,0.7842360109638195,0.1540869008306778,0.007165596676384137,0.09493807234517987,0.3262657918956112,0.113062884131327,0.05335769034064801,0.2556819277108432,0.7443180722891568
5568.497991967872,0.3313214891261686,2.113642197239167e-18,0.3313214891261686,0.21942195732501799,0.0,0.3313214891261686,0.4492565535488133,0.7826395900582137,0.15605781627974485,0.007953944794938047,0.7826395900582137,0.15605781627974485,0.007953944794938047,0.09595318414098171,0.3276470713739111,0.11947150029686168,0.05327708525369322,0.25369959839357437,0.7463004016064256
5558.5863453815255,0.33180343423746617,1.3016081479802419e-18,0.33180343423746617,0.22192735328574403,0.0,0.33180343423746617,0.4462692124767897,0.781052127315445,0.15844986690997417,0.008825728778439146,0.781052127315445,0.15844986690997417,0.008825728778439146,0.0969707267277901,0.32942887502430374,0.12741840171393864,0.053196480166738405,0.2517172690763051,0.7482827309236949
5548.674698795181,0.3323961312331046,7.989010688008272e-19,0.3323961312331046,0.2249413922128807,0.0,0.3323961312331046,0.4426624765540146,0.7794723342513635,0.16104688275028572,0.009765907125480299,0.7794723342513635,0.16104688275028572,0.009765907125480299,0.09799169888566124,0.33160101777021417,0.13710822449966256,0.05311587507978359,0.24973493975903616,0.7502650602409638
5538.763052208835,0.33301296404779474,4.887744263185488e-19,0.33301296404779474,0.22852897737766703,0.0,0.33301296404779474,0.43845805857453835,0.777899733600676,0.16367540948995798,0.010751061084129447,0.777899733600676,0.16367540948995798,0.010751061084129447,0.09901650300071314,0.3341464497457214,0.1487453304356875,0.05303526999282876,0.247752610441767,0.752247389558233
5528.85140562249,0.33371866256047816,2.9812594209160113e-19,0.33371866256047816,0.23274154572181704,0.0,0.33371866256047816,0.43353979171770474,0.7763328537426427,0.16646298433357415,0.011748758465405382,0.7763328537426427,0.16646298433357415,0.011748758465405382,0.10004595863282235,0.33713862198472094,0.1625278545804641,0.05295466490587396,0.24577028112449806,0.7542297188755019
5518.939759036144,0.3345295416550291,1.8129185859644598e-19,0.3345295416550291,0.23762946838165855,0.0,0.3345295416550291,0.42784098996331243,0.7747693354141804,0.16946008652493427,0.012717600139288044,0.7747693354141804,0.16946008652493427,0.012717600139288044,0.10108061260200575,0.34064875492146757,0.17864115568355535,0.05287405981891913,0.2437879518072288,0.7562120481927712
5509.0281124498,0.3352756164759472,1.098616620428607e-19,0.3352756164759472,0.24324910351672385,0.0,0.3352756164759472,0.4214752800073289,0.7732025217984001,0.1723345812319743,0.013607992381733753,0.7732025217984001,0.1723345812319743,0.013607992381733753,0.1021218045817439,0.34464341690525757,0.1972505319553286,0.052793454731964326,0.24180562248995996,0.75819437751004
5499.116465863453,0.3358903086654708,6.63554360719802e-20,0.3358903086654708,0.24965585264164716,0.0,0.3358903086654708,0.4144538386928818,0.7716167607603366,0.17496899711454367,0.014363438823567987,0.7716167607603366,0.17496899711454367,0.014363438823567987,0.10317048385053447,0.3491395770525658,0.21849293140514195,0.05271284964500951,0.2398232931726907,0.7601767068273093
5489.204819277108,0.33643200562572967,3.9956033222062076e-20,0.33643200562572967,0.25686212695205446,0.0,0.33643200562572967,0.4067058674222158,0.7699665535733253,0.17751801314111015,0.014921891064545391,0.7699665535733253,0.17751801314111015,0.014921891064545391,0.10423058139122685,0.3541914899437146,0.24246779612918998,0.052632244558054694,0.23784096385542164,0.7621590361445784
5479.293172690763,0.3367574584735288,2.3988742947178508e-20,0.3367574584735288,0.26488408119501394,0.0,0.3367574584735288,0.3983584603314571,0.7681267681743966,0.17976700427949396,0.015216521911820925,0.7681267681743966,0.17976700427949396,0.015216521911820925,0.1053155983149928,0.359819497753636,0.26922790620289305,0.0525516394710999,0.2358586345381526,0.7641413654618474
5469.381526104417,0.33641295878683686,1.4355621601353526e-20,0.33641295878683686,0.27378744972092484,0.0,0.33641295878683686,0.38979959149223836,0.7657636143820941,0.18099425532139085,0.015175495790240285,0.7657636143820941,0.18099425532139085,0.015175495790240285,0.10647410149752318,0.3661089277304531,0.2987722942080892,0.052471034384145056,0.23387630522088343,0.7661236947791166
5459.469879518072,0.3347509632658123,8.567602519897054e-21,0.3347509632658123,0.283735305081206,0.0,0.3347509632658123,0.3815137316529817,0.7620213734037391,0.1804171030473178,0.014721241491350122,0.7620213734037391,0.1804171030473178,0.014721241491350122,0.10787167587005367,0.37336323944169053,0.33104438443073114,0.05239042929719027,0.23189397590361438,0.7681060240963856
5449.558232931727,0.33064820297187775,5.105910761554595e-21,0.33064820297187775,0.29509126559556764,0.0,0.33064820297187775,0.37426053143255467,0.7547660587906904,0.17707185728172467,0.013771418445271535,0.7547660587906904,0.17707185728172467,0.013771418445271535,0.110062111682069,0.38224175170648145,0.36593763644883787,0.05230982421023543,0.22991164658634533,0.7700883534136547
5439.646586345381,0.32182815661370956,3.048299360011917e-21,0.32182815661370956,0.3088384734869392,0.0,0.32182815661370956,0.36933336989935106,0.7388389599804356,0.16950458867995163,0.012245529465388766,0.7388389599804356,0.16950458867995163,0.012245529465388766,0.11482204292988654,0.39401825628007764,0.4033056648973477,0.052229219123280636,0.22792931726907628,0.7720706827309237
5429.734939759036,0.30351688110005565,1.831475162227074e-21,0.30351688110005565,0.3275340491694315,0.0,0.30351688110005565,0.3689490697305132,0.7021113647338775,0.1556812267061031,0.01008132073741573,0.7021113647338775,0.1556812267061031,0.01008132073741573,0.1276570033975743,0.41072510130093853,0.44296403991648237,0.05214861403632579,0.22594698795180723,0.7740530120481928
5419.823293172691,0.2657911076758246,1.103608543398124e-21,0.2657911076758246,0.35789840275145607,0.0,0.2657911076758246,0.3763104895727195,0.6170637418231447,0.13381357872596397,0.007261728292823422,0.6170637418231447,0.13381357872596397,0.007261728292823422,0.16494559605881548,0.43489011575536557,0.4846634523379173,0.05206800894937099,0.22396465863453807,0.7760353413654619
5409.911646586345,0.18864107334569277,6.181454191607732e-22,0.18864107334569277,0.4167129767142534,0.0,0.18864107334569277,0.39464594994005386,0.4238588960075023,0.10498454273923725,0.003847315591411923,0.4238588960075023,0.10498454273923725,0.003847315591411923,0.27290128179619577,0.4673833104367337,0.5280224990240365,0.05198740386241618,0.22198232931726902,0.778017670682731
5400.0,4.838913866605103e-12,2.191359094042288e-34,4.838913866605103e-12,0.5724416018992022,0.0,4.838913866605103e-12,0.427558398095959,4.91668429487521e-12,4.865317058598289e-12,4.471559381545644e-12,4.91668429487521e-12,4.865317058598289e-12,4.471559381545644e-12,0.5724416018991372,0.5724416018991846,0.5724416018994533,0.05190679877546136,0.21999999999999997,0.78
