井号,井名,窗口名,窗口类型,窗口顶md,窗口底md,模型窗口η_E,模型窗口η_N,CBL段顶md,CBL段底md,CBL合格率%,CBL质量口径,窗口覆盖率,CBL段覆盖率,纳入现场验证,可比性,备注
hu101,呼101,CBL评价井段(单层套管可评价段),cbl,5699.8,7810,0.3906,0.0058,5703,5835,81.1,良好至中等（含自由管特征差段）,0.0626,1.0000,1,部分可比,次要口径
hu101,呼101,CBL评价井段(单层套管可评价段),cbl,5699.8,7810,0.3906,0.0058,5833,5955,83.6,良好（含短段中等和差）,0.0578,1.0000,1,部分可比,次要口径
hu101,呼101,CBL评价井段(单层套管可评价段),cbl,5699.8,7810,0.3906,0.0058,5390,7810,62.77,不合格（62.77%合格率，未达标70%红线）,1.0000,0.8720,1,可比,另有3个局部数字段口径并存
hu101,呼101,CBL评价井段(单层套管可评价段),cbl,5699.8,7810,0.3906,0.0058,5580,5705,92,良好（含局部一界面差段）,0.0025,0.0416,1,部分可比,次要口径
hu101,呼101,CBL质量段(连续差段),cbl_quality,7537,7674,0.1492,0.0069,5390,7810,62.77,不合格（62.77%合格率，未达标70%红线）,1.0000,0.0566,1,部分可比,部分重叠
hu101,呼101,主要气层-K1q(地层目标),formation_target,7492,7536,0.1890,0.0033,5390,7810,62.77,不合格（62.77%合格率，未达标70%红线）,1.0000,0.0182,1,部分可比,部分重叠
hu101,呼101,气层段(CBL评价重点),formation_target,7492,7735,0.1508,0.0084,5390,7810,62.77,不合格（62.77%合格率，未达标70%红线）,1.0000,0.1004,1,部分可比,部分重叠
hu101,呼101,目的层-喀拉扎组J3k(地层目标),formation_target,7537,7868,0.1463,0.1058,5390,7810,62.77,不合格（62.77%合格率，未达标70%红线）,0.8248,0.1128,1,部分可比,部分重叠
hu101,呼101,水层-K1s(地层目标),formation_target,6152,6156,0.0000,0.0000,5390,7810,62.77,不合格（62.77%合格率，未达标70%红线）,1.0000,0.0017,1,部分可比,部分重叠
hu102,呼102,CBL评价井段,cbl,6840,7665,0.5032,0.1258,6840,7665,66.65,综合评价,1.0000,1.0000,1,可比,
hu102,呼102,CBL质量段一(胶结差/不合格),cbl_quality,7405,7480,0.4792,0.1713,6840,7665,66.65,综合评价,1.0000,0.0909,1,部分可比,部分重叠
hu102,呼102,CBL质量段二(胶结差/不合格),cbl_quality,7502,7540,0.4531,0.2997,6840,7665,66.65,综合评价,1.0000,0.0461,1,部分可比,部分重叠
hu102,呼102,J3k目的层(地层目标),formation_target,7422,7640,0.4469,0.3744,6840,7665,66.65,综合评价,1.0000,0.2642,1,部分可比,部分重叠
hu103,呼103,CBL评价井段(139.7mm段),cbl,7338,7712,0.9111,0.6704,7338,7712,12.06,unqualified,1.0000,1.0000,1,可比,
hu103,呼103,CBL评价井段(168.3mm段),cbl,5540,7330.6,0.2988,0.0021,5540,7330.6,0.04,unqualified,1.0000,1.0000,1,可比,
hu103,呼103,全尾管段,custom,5536.66,7770,0.4268,0.1504,5540,7330.6,0.04,unqualified,0.8018,1.0000,1,可比,另有2个局部数字段口径并存
hu103,呼103,全尾管段,custom,5536.66,7770,0.4268,0.1504,7338,7712,12.06,unqualified,0.1675,1.0000,1,部分可比,次要口径
hu103,呼103,全尾管段,custom,5536.66,7770,0.4268,0.1504,7712,7770,2.12,整段尾管综合合格率约2.12%——模型顶替效率应与此对比验证。,0.0260,1.0000,1,部分可比,次要口径
hu103,呼103,气层-K1q(地层目标),formation_target,7507,7557,0.9889,0.9457,7338,7712,12.06,unqualified,1.0000,0.1337,1,部分可比,部分重叠
hu103,呼103,差气层-J3k(地层目标),formation_target,7563,7619,0.9965,0.9808,7338,7712,12.06,unqualified,1.0000,0.1497,1,部分可比,部分重叠
hu1,呼探1,CBL评价井段,cbl,3531,7481.22,0.5467,0.1698,5630,6400,,优,0.1949,1.0000,1,不可比,仅定性段且重叠过小
hu1,呼探1,CBL质量段(不合格40m),cbl_quality,7474,7514,0.9999,0.9995,7474,7514,,不合格,1.0000,1.0000,1,部分可比(定性),无定量合格率；窗口内定性段：不合格:7474-7514；优:7485-7560；中:7465-7485
hu1,呼探1,CBL质量段(差),cbl_quality,7415,7430,0.0000,0.9980,7415,7430,,差,1.0000,1.0000,1,部分可比(定性),无定量合格率；窗口内定性段：差:7415-7430；优:7333-7474；优:7300-7425
hu1,呼探1,尾管封固段(模型聚焦窗),model_focus,3523.27,7601,0.5581,0.1960,5630,6400,,优,0.1888,1.0000,1,不可比,仅定性段且重叠过小
hu2,呼探1-002,CBL评价井段,cbl,5292.5,7554,0.6171,0.5349,5292.5,7554,,定性合格,1.0000,1.0000,1,部分可比(定性),无定量合格率；窗口内定性段：定性合格:5292.5-7554；定性合格:3753-5630
hu2,呼探1-002,目标层段（油气显示层）,formation_target,7402,7500,0.4749,0.9454,5292.5,7554,,定性合格,1.0000,0.0433,1,部分可比(定性),无定量合格率；窗口内定性段：定性合格:5292.5-7554
hu2,呼探1-002,目的层-K1q清水河组(地层目标),formation_target,5702,6826.9,0.6743,0.5097,5292.5,7554,,定性合格,1.0000,0.4974,1,部分可比(定性),无定量合格率；窗口内定性段：定性合格:5292.5-7554
hu2,呼探1-002,目的层-J3k2喀拉扎组(地层目标),formation_target,6826.9,7554,0.7967,0.9436,5292.5,7554,,定性合格,1.0000,0.3215,1,部分可比(定性),无定量合格率；窗口内定性段：定性合格:5292.5-7554
hu2,呼探1-002,高压水层(地层目标),formation_target,5998,6002,0.0000,0.0001,5292.5,7554,,定性合格,1.0000,0.0018,1,部分可比(定性),无定量合格率；窗口内定性段：定性合格:5292.5-7554
ht1_001,呼探1-001,"CBL对比窗(模型假设,现场无CBL定量)",model_focus,5469.71,7746,0.5478,0.4642,5460.16,7746,,定性合格,1.0000,0.9958,0,部分可比(定性),无定量合格率；窗口内定性段：定性合格:5460.16-7746；无CBL:5460.16-7746；无CBL定量:5460.16-7746；定性合格:5460.16-7746；无CBL:5460.16-7174.94；无CBL:5460.16-7174.94
ht1_001,呼探1-001,K1q差气层1(录井显示),formation_target,7409,7423,0.0000,1.0000,5460.16,7746,,定性合格,1.0000,0.0061,0,部分可比(定性),无定量合格率；窗口内定性段：定性合格:5460.16-7746；无CBL:7174.94-7746；无CBL:5460.16-7746；无CBL定量:5460.16-7746；定性合格:5460.16-7746
ht1_001,呼探1-001,K1q油气同层(录井显示),formation_target,7504,7566,0.7946,1.0000,5460.16,7746,,定性合格,1.0000,0.0271,0,部分可比(定性),无定量合格率；窗口内定性段：定性合格:5460.16-7746；无CBL:7174.94-7746；无CBL:5460.16-7746；无CBL定量:5460.16-7746；定性合格:5460.16-7746
ht1_001,呼探1-001,J3k3气层(录井显示),formation_target,7642,7661,0.5692,0.9772,5460.16,7746,,定性合格,1.0000,0.0083,0,部分可比(定性),无定量合格率；窗口内定性段：定性合格:5460.16-7746；无CBL:7174.94-7746；无CBL:5460.16-7746；无CBL定量:5460.16-7746；定性合格:5460.16-7746
ht1_001,呼探1-001,K1s水层1(录井解释),formation_target,6060,6064,0.0000,0.0000,5460.16,7746,,定性合格,1.0000,0.0017,0,部分可比(定性),无定量合格率；窗口内定性段：定性合格:5460.16-7746；无CBL:5460.16-7174.94；无CBL:5460.16-7174.94；无CBL:5460.16-7174.94；无CBL:5460.16-7746；无CBL定量:5460.16-7746
ht1_001,呼探1-001,K1q+J3k2主要目的层,formation_target,6828,7746,0.8504,0.9485,5460.16,7746,,定性合格,1.0000,0.4016,0,部分可比(定性),无定量合格率；窗口内定性段：定性合格:5460.16-7746；无CBL:5460.16-7746；无CBL定量:5460.16-7746；定性合格:5460.16-7746；无CBL:7174.94-7746；无CBL:5460.16-7174.94
ht1_001,呼探1-001,模型关注窗(替浆/掺混分析),model_focus,7400,7500,0.8340,1.0000,5460.16,7746,,定性合格,1.0000,0.0437,0,部分可比(定性),无定量合格率；窗口内定性段：定性合格:5460.16-7746；无CBL:7174.94-7746；无CBL:5460.16-7746；无CBL定量:5460.16-7746；定性合格:5460.16-7746
ht1_003,呼1-003,CBL评价井段(尾管段),cbl,5568,7618,0.7157,0.6314,7442,7595,95.5,中等及以上占比(目的井段一界面),0.0746,1.0000,1,部分可比,次要口径
ht1_003,呼1-003,CBL评价井段(尾管段),cbl,5568,7618,0.7157,0.6314,5307.54,7514.21,78.7,中等及以上占比(尾管评价段一界面),0.9494,0.8820,1,可比,另有2个局部数字段口径并存
ht1_003,呼1-003,CBL评价井段(尾管段),cbl,5568,7618,0.7157,0.6314,3500,7595,88.5,中等及以上占比(全井测量段一界面),0.9888,0.4950,1,部分可比,次要口径
ht1_003,呼1-003,CBL数字化窗(78.7%对应),cbl_digitization,5307.54,7514.21,0.6612,0.5489,5307.54,7514.21,78.7,中等及以上占比(尾管评价段一界面),1.0000,1.0000,1,可比,另有2个局部数字段口径并存
ht1_003,呼1-003,CBL数字化窗(78.7%对应),cbl_digitization,5307.54,7514.21,0.6612,0.5489,3500,7595,88.5,中等及以上占比(全井测量段一界面),1.0000,0.5389,1,部分可比,次要口径
ht1_003,呼1-003,CBL数字化窗(78.7%对应),cbl_digitization,5307.54,7514.21,0.6612,0.5489,7442,7595,95.5,中等及以上占比(目的井段一界面),0.0327,0.4720,1,部分可比,次要口径
ht1_003,呼1-003,气层-K1q主力油层段(地层目标),formation_target,7418,7440,1.0000,1.0000,5307.54,7514.21,78.7,中等及以上占比(尾管评价段一界面),1.0000,0.0100,1,部分可比,窗口跨多个CBL数字段口径（无单一总口径）
ht1_003,呼1-003,气层-K1q主力油层段(地层目标),formation_target,7418,7440,1.0000,1.0000,3500,7595,88.5,中等及以上占比(全井测量段一界面),1.0000,0.0054,1,部分可比,窗口跨多个CBL数字段口径（无单一总口径）
ht1_003,呼1-003,目的井段(地层目标),formation_target,7442,7618,0.7229,0.8702,7442,7595,95.5,中等及以上占比(目的井段一界面),0.8693,1.0000,1,可比,另有2个局部数字段口径并存
ht1_003,呼1-003,目的井段(地层目标),formation_target,7442,7618,0.7229,0.8702,3500,7595,88.5,中等及以上占比(全井测量段一界面),0.8693,0.0374,1,部分可比,次要口径
ht1_003,呼1-003,目的井段(地层目标),formation_target,7442,7618,0.7229,0.8702,5307.54,7514.21,78.7,中等及以上占比(尾管评价段一界面),0.4103,0.0327,1,部分可比,次要口径
ht1_004,呼1-004,CBL评价井段(尾管段),cbl,5245,7581,0.1106,0.0364,5245,7581,0.3,不合格,1.0000,1.0000,1,可比,另有6个局部数字段口径并存
ht1_004,呼1-004,CBL评价井段(尾管段),cbl,5245,7581,0.1106,0.0364,5316,7581,0.2,不合格,0.9696,1.0000,0,部分可比,次要口径
ht1_004,呼1-004,CBL评价井段(尾管段),cbl,5245,7581,0.1106,0.0364,7495,7550,8.8,不合格,0.0235,1.0000,0,部分可比,次要口径
ht1_004,呼1-004,CBL评价井段(尾管段),cbl,5245,7581,0.1106,0.0364,7482,7560,6.2,不合格,0.0334,1.0000,0,部分可比,次要口径
ht1_004,呼1-004,CBL评价井段(尾管段),cbl,5245,7581,0.1106,0.0364,5578,7581,0.2,差,0.8574,1.0000,0,部分可比,次要口径
ht1_004,呼1-004,CBL评价井段(尾管段),cbl,5245,7581,0.1106,0.0364,11,7581,29.99,不合格,1.0000,0.3086,1,部分可比,次要口径
ht1_004,呼1-004,CBL评价井段(尾管段),cbl,5245,7581,0.1106,0.0364,11,7581,30,不合格,1.0000,0.3086,1,部分可比,次要口径
ht1_004,呼1-004,目的井段1(地层目标),formation_target,7495,7526,0.7855,0.7242,7495,7550,8.8,不合格,1.0000,0.5636,0,部分可比,窗口跨多个CBL数字段口径（无单一总口径）
ht1_004,呼1-004,目的井段1(地层目标),formation_target,7495,7526,0.7855,0.7242,7482,7560,6.2,不合格,1.0000,0.3974,0,部分可比,窗口跨多个CBL数字段口径（无单一总口径）
ht1_004,呼1-004,目的井段1(地层目标),formation_target,7495,7526,0.7855,0.7242,5578,7581,0.2,差,1.0000,0.0155,0,部分可比,窗口跨多个CBL数字段口径（无单一总口径）
ht1_004,呼1-004,目的井段1(地层目标),formation_target,7495,7526,0.7855,0.7242,5316,7581,0.2,不合格,1.0000,0.0137,0,部分可比,窗口跨多个CBL数字段口径（无单一总口径）
ht1_004,呼1-004,目的井段1(地层目标),formation_target,7495,7526,0.7855,0.7242,5245,7581,0.3,不合格,1.0000,0.0133,1,部分可比,窗口跨多个CBL数字段口径（无单一总口径）
ht1_004,呼1-004,目的井段1(地层目标),formation_target,7495,7526,0.7855,0.7242,11,7581,29.99,不合格,1.0000,0.0041,1,部分可比,窗口跨多个CBL数字段口径（无单一总口径）
ht1_004,呼1-004,目的井段1(地层目标),formation_target,7495,7526,0.7855,0.7242,11,7581,30,不合格,1.0000,0.0041,1,部分可比,窗口跨多个CBL数字段口径（无单一总口径）
ht1_004,呼1-004,目的井段2(地层目标),formation_target,7531,7550,0.8651,0.8200,7495,7550,8.8,不合格,1.0000,0.3455,0,部分可比,窗口跨多个CBL数字段口径（无单一总口径）
ht1_004,呼1-004,目的井段2(地层目标),formation_target,7531,7550,0.8651,0.8200,7482,7560,6.2,不合格,1.0000,0.2436,0,部分可比,窗口跨多个CBL数字段口径（无单一总口径）
ht1_004,呼1-004,目的井段2(地层目标),formation_target,7531,7550,0.8651,0.8200,5578,7581,0.2,差,1.0000,0.0095,0,部分可比,窗口跨多个CBL数字段口径（无单一总口径）
ht1_004,呼1-004,目的井段2(地层目标),formation_target,7531,7550,0.8651,0.8200,5316,7581,0.2,不合格,1.0000,0.0084,0,部分可比,窗口跨多个CBL数字段口径（无单一总口径）
ht1_004,呼1-004,目的井段2(地层目标),formation_target,7531,7550,0.8651,0.8200,5245,7581,0.3,不合格,1.0000,0.0081,1,部分可比,窗口跨多个CBL数字段口径（无单一总口径）
ht1_004,呼1-004,目的井段2(地层目标),formation_target,7531,7550,0.8651,0.8200,11,7581,29.99,不合格,1.0000,0.0025,1,部分可比,窗口跨多个CBL数字段口径（无单一总口径）
ht1_004,呼1-004,目的井段2(地层目标),formation_target,7531,7550,0.8651,0.8200,11,7581,30,不合格,1.0000,0.0025,1,部分可比,窗口跨多个CBL数字段口径（无单一总口径）
ht1_004,呼1-004,油气水层段(红线),oil_gas_show,7482,7560,0.7805,0.7061,7495,7550,8.8,不合格,0.7051,1.0000,0,部分可比,次要口径
ht1_004,呼1-004,油气水层段(红线),oil_gas_show,7482,7560,0.7805,0.7061,7482,7560,6.2,不合格,1.0000,1.0000,0,可比,另有6个局部数字段口径并存
ht1_004,呼1-004,油气水层段(红线),oil_gas_show,7482,7560,0.7805,0.7061,5578,7581,0.2,差,1.0000,0.0389,0,部分可比,次要口径
ht1_004,呼1-004,油气水层段(红线),oil_gas_show,7482,7560,0.7805,0.7061,5316,7581,0.2,不合格,1.0000,0.0344,0,部分可比,次要口径
ht1_004,呼1-004,油气水层段(红线),oil_gas_show,7482,7560,0.7805,0.7061,5245,7581,0.3,不合格,1.0000,0.0334,1,部分可比,次要口径
ht1_004,呼1-004,油气水层段(红线),oil_gas_show,7482,7560,0.7805,0.7061,11,7581,29.99,不合格,1.0000,0.0103,1,部分可比,次要口径
ht1_004,呼1-004,油气水层段(红线),oil_gas_show,7482,7560,0.7805,0.7061,11,7581,30,不合格,1.0000,0.0103,1,部分可比,次要口径
