depth_md_m,quality_proxy,quality_proxy_pct,simulated_effective_efficiency,simulated_minus_cbl_proxy
5500,0.963,96.3,0.18072962306833784,-0.7822703769316621
5510,0.963,96.3,0.19704795331678665,-0.7659520466832133
5520,0.963,96.3,0.3054771820997012,-0.6575228179002988
5530,0.959,95.9,0.18977563560105393,-0.769224364398946
5540,0.963,96.3,0.4989014538401105,-0.4640985461598895
5550,0.963,96.3,0.2087033989911269,-0.7542966010088731
5560,0.959,95.9,0.1859388993080305,-0.7730611006919694
5570,0.956,95.6,0.25172671537205266,-0.7042732846279474
5580,0.956,95.6,0.16927819757993628,-0.7867218024200637
5590,0.952,95.2,0.2283986381680142,-0.7236013618319858
5600,0.956,95.6,0.40503467262097215,-0.5509653273790278
5610,0.959,95.9,0.25475630030798424,-0.7042436996920157
5620,0.956,95.6,0.37315783151316584,-0.5828421684868341
5630,0.952,95.2,0.2851861244526649,-0.6668138755473351
5640,0.963,96.3,0.20056452608601277,-0.7624354739139871
5650,0.956,95.6,0.23411168028657187,-0.721888319713428
5660,0.956,95.6,0.2896299534386702,-0.6663700465613298
5670,0.952,95.2,0.19105146436408937,-0.7609485356359106
5680,0.959,95.9,0.22173512649039878,-0.7372648735096012
5690,0.959,95.9,0.1734489988066427,-0.7855510011933573
5700,0.956,95.6,0.2928048927013674,-0.6631951072986326
5710,0.952,95.2,0.2098255019885086,-0.7421744980114914
5720,0.952,95.2,0.3042972553478236,-0.6477027446521764
5730,0.952,95.2,0.3220983767858509,-0.629901623214149
5740,0.952,95.2,0.17912638052894195,-0.772873619471058
5750,0.952,95.2,0.1492154934180815,-0.8027845065819185
5760,0.959,95.9,0.5099130336826646,-0.44908696631733536
5770,0.952,95.2,0.4016377897893069,-0.5503622102106931
5780,0.963,96.3,0.1709575500901379,-0.7920424499098621
5790,0.963,96.3,0.22667109100776953,-0.7363289089922305
5800,0.959,95.9,0.2773711057366424,-0.6816288942633575
5810,0.967,96.7,0.21192092905815776,-0.7550790709418422
5820,0.959,95.9,0.19224300459965296,-0.766756995400347
5830,0.959,95.9,0.38039652189266043,-0.5786034781073395
5840,0.952,95.2,0.19672052559706305,-0.755279474402937
5850,0.952,95.2,0.2570588704470122,-0.6949411295529877
5860,0.959,95.9,0.3499094592304279,-0.6090905407695721
5870,0.959,95.9,0.5680469618857108,-0.39095303811428916
5880,0.948,94.8,0.26116604938919485,-0.6868339506108051
5890,0.956,95.6,0.30737191405092695,-0.648628085949073
5900,0.956,95.6,0.44254417720245154,-0.5134558227975484
5910,0.959,95.9,0.319597367585841,-0.639402632414159
5920,0.963,96.3,0.166877083959808,-0.7961229160401919
5930,0.963,96.3,0.2905255050228686,-0.6724744949771313
5940,0.963,96.3,0.23712667198482446,-0.7258733280151755
5950,0.941,94.1,0.1680587137637662,-0.7729412862362337
5960,0.956,95.6,0.5831960973839667,-0.37280390261603324
5970,0.952,95.2,0.41006040741129224,-0.5419395925887077
5980,0.944,94.4,0.22843824891152692,-0.7155617510884731
5990,0.944,94.4,0.22443751247359403,-0.719562487526406
6000,0.956,95.6,0.26295034372240234,-0.6930496562775976
6010,0.937,93.7,0.7273029162294661,-0.20969708377053398
6020,0.926,92.6,0.25161757188270895,-0.6743824281172911
6030,0.963,96.3,0.3317686441890059,-0.6312313558109941
6040,0.941,94.1,0.23575961643175675,-0.7052403835682433
6050,0.074,7.4,0.21264017519762068,0.13864017519762067
6060,0.074,7.4,0.15859286103055514,0.08459286103055515
6070,0.074,7.4,0.2665643693987629,0.19256436939876287
6080,0.074,7.4,0.2950256383710011,0.2210256383710011
6090,0.074,7.4,0.21586476718839845,0.14186476718839847
6100,0.074,7.4,0.27063954182881145,0.19663954182881144
6110,0.074,7.4,0.15382334427811095,0.07982334427811096
6120,0.074,7.4,0.30746717258906536,0.23346717258906535
6130,0.074,7.4,0.7693811637912108,0.6953811637912108
6140,0.07,7.0,0.7692576117048663,0.6992576117048663
6150,0.074,7.4,0.7699271326291778,0.6959271326291778
6160,0.074,7.4,0.7707973708515433,0.6967973708515434
6170,0.074,7.4,0.7693086974234891,0.6953086974234891
6180,0.074,7.4,0.77035570974501,0.69635570974501
6190,0.074,7.4,0.7718946881890544,0.6978946881890544
6200,0.074,7.4,0.7728883718209084,0.6988883718209085
6210,0.074,7.4,0.7751704868875868,0.7011704868875869
6220,0.926,92.6,0.7854412258484971,-0.14055877415150297
6230,0.944,94.4,0.7862947325914217,-0.15770526740857826
6240,0.752,75.2,0.7868139159353319,0.034813915935331896
6250,0.941,94.1,0.7935684683683393,-0.14743153163166067
6260,0.948,94.8,0.8022215001596249,-0.14577849984037505
6270,0.948,94.8,0.8041347169889644,-0.14386528301103552
6280,0.956,95.6,0.8049099616874202,-0.15109003831257972
6290,0.952,95.2,0.8055459112019934,-0.1464540887980066
6300,0.956,95.6,0.8186155606587638,-0.13738443934123612
6310,0.959,95.9,0.8213271074318309,-0.13767289256816906
6320,0.959,95.9,0.8223762710081766,-0.1366237289918234
6330,0.959,95.9,0.8231270184392498,-0.13587298156075012
6340,0.959,95.9,0.8235359138418282,-0.13546408615817174
6350,0.959,95.9,0.8237961093028673,-0.13520389069713268
6360,0.952,95.2,0.8249091713361132,-0.12709082866388677
6370,0.952,95.2,0.8297141716250475,-0.1222858283749525
6380,0.963,96.3,0.832364755388744,-0.13063524461125597
6390,0.959,95.9,0.8399703633629936,-0.11902963663700639
6400,0.959,95.9,0.8630610798264099,-0.09593892017359007
6410,0.959,95.9,0.8767387047522557,-0.08226129524774428
6420,0.952,95.2,0.8774319896892805,-0.07456801031071947
6430,0.956,95.6,0.8778393015690397,-0.0781606984309603
6440,0.963,96.3,0.8782069030804288,-0.08479309691957115
6450,0.967,96.7,0.8785355550383946,-0.08846444496160533
6460,0.959,95.9,0.8789102670399923,-0.08008973296000765
6470,0.959,95.9,0.8815011073405168,-0.07749889265948318
6480,0.952,95.2,0.8886046256535031,-0.06339537434649689
6490,0.959,95.9,0.8917695863513858,-0.06723041364861415
6500,0.963,96.3,0.8932612290813589,-0.06973877091864111
6510,0.956,95.6,0.8941159261216509,-0.061884073878349044
6520,0.952,95.2,0.8946810327479325,-0.05731896725206742
6530,0.956,95.6,0.8950973354370391,-0.060902664562960895
6540,0.952,95.2,0.895441172153215,-0.05655882784678501
6550,0.963,96.3,0.8957479726212376,-0.06725202737876235
6560,0.952,95.2,0.8960438048331444,-0.05595619516685557
6570,0.956,95.6,0.8964458529882655,-0.05955414701173445
6580,0.948,94.8,0.8987126179063178,-0.04928738209368211
6590,0.952,95.2,0.9051744912413706,-0.04682550875862934
6600,0.959,95.9,0.9085899291793129,-0.05041007082068705
6610,0.963,96.3,0.9101527326281125,-0.052847267371887496
6620,0.963,96.3,0.9110757828446852,-0.05192421715531481
6630,0.952,95.2,0.911697948745318,-0.040302051254682
6640,0.956,95.6,0.9121532222338504,-0.043846777766149536
6650,0.952,95.2,0.9125139183495641,-0.03948608165043588
6660,0.959,95.9,0.9128129365612662,-0.0461870634387338
6670,0.952,95.2,0.9130792474440775,-0.03892075255592242
6680,0.948,94.8,0.9133532114702431,-0.03464678852975689
6690,0.956,95.6,0.9137486577086522,-0.04225134229134775
6700,0.963,96.3,0.9152576322052735,-0.047742367794726515
6710,0.956,95.6,0.9202799132614125,-0.03572008673858751
6720,0.952,95.2,0.924466600629875,-0.027533399370125
6730,0.963,96.3,0.9265355363154026,-0.036464463684597326
6740,0.956,95.6,0.927751216812016,-0.02824878318798396
6750,0.959,95.9,0.9286255037226661,-0.030374496277333907
6760,0.959,95.9,0.9293712248501962,-0.029628775149803777
6770,0.959,95.9,0.9317593313305509,-0.027240668669449075
6780,0.948,94.8,0.9452672358584208,-0.0027327641415791915
6790,0.967,96.7,0.9602594550272731,-0.006740544972726914
6800,0.93,93.0,0.9616246632739525,0.031624663273952414
6810,0.944,94.4,0.9480083478386591,0.00400834783865911
6820,0.952,95.2,0.9469958274283042,-0.00500417257169572
6830,0.944,94.4,0.947312477733411,0.0033124777334110345
6840,0.933,93.3,0.9476519940868081,0.014651994086808062
6850,0.937,93.7,0.947930550322738,0.01093055032273793
6860,0.959,95.9,0.9481632890702516,-0.010836710929748361
6870,0.959,95.9,0.9483622976565654,-0.01063770234343453
6880,0.937,93.7,0.9485365294636284,0.011536529463628376
6890,0.948,94.8,0.9486930298499011,0.0006930298499011611
6900,0.952,95.2,0.948837498688275,-0.003162501311724908
6910,0.967,96.7,0.9489733509719369,-0.018026649028063058
6920,0.952,95.2,0.9491034891758364,-0.002896510824163534
6930,0.952,95.2,0.949230017298289,-0.0027699827017109158
6940,0.952,95.2,0.9493565459124357,-0.0026434540875642787
6950,0.959,95.9,0.9494892762775143,-0.009510723722485626
6960,0.944,94.4,0.9496378095852431,0.005637809585243181
6970,0.937,93.7,0.9498222809633543,0.012822280963354249
6980,0.941,94.1,0.9500793532513773,0.00907935325137732
6990,0.937,93.7,0.9504769100696255,0.01347691006962548
7000,0.93,93.0,0.9511228398629396,0.021122839862939502
7010,0.948,94.8,0.9521482760523949,0.0041482760523949835
7020,0.948,94.8,0.9536138785221598,0.0056138785221598875
7030,0.963,96.3,0.9553848850298532,-0.007615114970146775
7040,0.963,96.3,0.957171534487924,-0.005828465512075942
7050,0.956,95.6,0.9587426784821882,0.002742678482188232
7060,0.944,94.4,0.9600183193140265,0.01601831931402653
7070,0.941,94.1,0.9610183913081329,0.020018391308132988
7080,0.948,94.8,0.9617938767921701,0.013793876792170146
7090,0.952,95.2,0.9623954145637831,0.010395414563783123
7100,0.937,93.7,0.9628677881066443,0.02586778810664425
7110,0.959,95.9,0.9632467491007628,0.004246749100762837
7120,0.952,95.2,0.9635575252330973,0.011557525233097388
7130,0.963,96.3,0.9638186803865926,0.0008186803865926073
7140,0.952,95.2,0.964042264137898,0.012042264137897996
7150,0.956,95.6,0.9642365515268474,0.008236551526847435
7160,0.948,94.8,0.9644080166187088,0.01640801661870883
7170,0.956,95.6,0.9645602102742724,0.00856021027427245
7180,0.941,94.1,0.9646966317494646,0.02369663174946468
7190,0.922,92.2,0.964821142561451,0.042821142561450976
7200,0.944,94.4,0.9649377921343882,0.02093779213438829
7210,0.937,93.7,0.9650488729956789,0.02804887299567882
7220,0.952,95.2,0.9651572112964296,0.01315721129642966
7230,0.959,95.9,0.9652658166903557,0.006265816690355752
7240,0.956,95.6,0.9653770324115292,0.009377032411529207
7250,0.956,95.6,0.9654928249098261,0.00949282490982617
7260,0.941,94.1,0.9656166233888005,0.02461662338880055
7270,0.956,95.6,0.9657526757909002,0.009752675790900223
7280,0.941,94.1,0.9659071366216028,0.02490713662160282
7290,0.956,95.6,0.9660900731452168,0.010090073145216816
7300,0.963,96.3,0.966315018280303,0.003315018280303006
7310,0.956,95.6,0.9666016435429873,0.010601643542987316
7320,0.963,96.3,0.9669781569828965,0.003978156982896497
7330,0.963,96.3,0.96748613860232,0.004486138602320056
7340,0.959,95.9,0.9682103691152719,0.009210369115271955
7350,0.952,95.2,0.9694305269562784,0.017430526956278447
7360,0.937,93.7,0.9721666946622345,0.03516669466223443
7370,0.941,94.1,0.9768802259435495,0.03588022594354956
7380,0.952,95.2,0.9798009292465374,0.02780092924653743
7390,0.93,93.0,0.9811087996028751,0.051108799602875066
7400,0.944,94.4,0.9817065489707281,0.037706548970728115
7410,0.941,94.1,0.9719800501741641,0.030980050174164164
7420,0.952,95.2,0.9662979795668821,0.014297979566882169
7430,0.937,93.7,0.9641315701493346,0.02713157014933454
7440,0.944,94.4,0.9644356012752411,0.020435601275241133
7450,0.941,94.1,0.9649818254470115,0.02398182544701155
7460,0.948,94.8,0.9654283140506429,0.017428314050642935
7470,0.948,94.8,0.965794121582783,0.01779412158278304
7480,0.948,94.8,0.9660984677469358,0.018098467746935798
7490,0.956,95.6,0.9663567409534249,0.010356740953424981
7500,0.937,93.7,0.9665798642577031,0.029579864257703092
7510,0.952,95.2,0.9667732665448668,0.014773266544866881
7520,0.959,95.9,0.9669413995965439,0.007941399596543941
7530,0.933,93.3,0.9670882954528432,0.0340882954528432
7540,0.956,95.6,0.9672181291966373,0.011218129196637339
7550,0.959,95.9,0.9673356253381883,0.008335625338188324
7560,0.944,94.4,0.9674445036548092,0.023444503654809212
7570,0.944,94.4,0.9675479764378597,0.023547976437859774
7580,0.948,94.8,0.9676487493095758,0.01964874930957583
7590,0.944,94.4,0.9677488819565315,0.023748881956531576
7600,0.919,91.9,0.9678505446395745,0.0488505446395745
7610,0.919,91.9,0.9679556841718615,0.04895568417186147
7620,0.944,94.4,0.9680662110546433,0.02406621105464335
7630,0.941,94.1,0.9681842125238889,0.027184212523888918
7640,0.933,93.3,0.9683113336352124,0.03531133363521233
7650,0.948,94.8,0.9684504676768433,0.02045046767684333
7660,0.922,92.2,0.9686075051397937,0.046607505139793615
7670,0.933,93.3,0.9687929511428137,0.03579295114281367
7680,0.911,91.1,0.9690244500422452,0.05802445004224521
7690,0.915,91.5,0.969325415237268,0.05432541523726797
7700,0.937,93.7,0.9696699498374757,0.03266994983747562
7710,0.948,94.8,0.9698320421858672,0.021832042185867206
7720,0.941,94.1,0.9696866134622755,0.028686613462275523
7730,0.959,95.9,0.9715314890537897,0.012531489053789757
7740,0.959,95.9,0.9791415508150842,0.020141550815084286
7750,0.944,94.4,0.9801338128467736,0.03613381284677364
7760,0.948,94.8,0.9798764593513998,0.03187645935139982
7770,0.963,96.3,0.9792173533301503,0.016217353330150286
7780,0.959,95.9,0.9777691543535676,0.01876915435356763
7790,0.948,94.8,0.9747790605019496,0.02677906050194967
7800,0.956,95.6,0.9710970818826794,0.015097081882679442
7810,0.959,95.9,0.9802842659719668,0.021284265971966865
