well_id,md_m,inclination_deg,azimuth_deg,tvd_m,data_type,source_description,confidence,notes
ht1_004,0,0.0000,0.0000,0.0000,field_measured,HT1-004井168.3+139.7mm油层尾管控压固井施工设计 (已审批).doc 一.1.4.1 井斜方位表,high,井口起点
ht1_004,5600,0.7500,167.3900,5599.8400,field_measured,HT1-004井168.3+139.7mm油层尾管控压固井施工设计 (已审批).doc 一.1.4.1 井斜方位表,high,井口起点
ht1_004,5630,0.7500,70.2200,5629.8400,field_measured,HT1-004井168.3+139.7mm油层尾管控压固井施工设计 (已审批).doc 一.1.4.1 井斜方位表,high,狗腿角1.12°/30m
ht1_004,5660,0.1500,95.7400,5659.8400,field_measured,HT1-004井168.3+139.7mm油层尾管控压固井施工设计 (已审批).doc 一.1.4.1 井斜方位表,high,狗腿角0.62°/30m
ht1_004,5690,0.2100,66.4800,5689.8400,field_measured,HT1-004井168.3+139.7mm油层尾管控压固井施工设计 (已审批).doc 一.1.4.1 井斜方位表,high,狗腿角0.11°/30m
ht1_004,5720,0.7500,48.1400,5719.8400,field_measured,HT1-004井168.3+139.7mm油层尾管控压固井施工设计 (已审批).doc 一.1.4.1 井斜方位表,high,狗腿角0.55°/30m
ht1_004,5750,1.1000,20.7000,5749.8300,field_measured,HT1-004井168.3+139.7mm油层尾管控压固井施工设计 (已审批).doc 一.1.4.1 井斜方位表,high,狗腿角0.55°/30m
ht1_004,5780,1.2500,83.1100,5779.8300,field_measured,HT1-004井168.3+139.7mm油层尾管控压固井施工设计 (已审批).doc 一.1.4.1 井斜方位表,high,狗腿角1.22°/30m
ht1_004,5810,1.2300,338.5800,5809.8200,field_measured,HT1-004井168.3+139.7mm油层尾管控压固井施工设计 (已审批).doc 一.1.4.1 井斜方位表,high,狗腿角1.96°/30m
ht1_004,5840,0.9400,315.5600,5839.8200,field_measured,HT1-004井168.3+139.7mm油层尾管控压固井施工设计 (已审批).doc 一.1.4.1 井斜方位表,high,狗腿角0.52°/30m
ht1_004,5870,0.5200,147.6800,5869.8200,field_measured,HT1-004井168.3+139.7mm油层尾管控压固井施工设计 (已审批).doc 一.1.4.1 井斜方位表,high,狗腿角1.45°/30m
ht1_004,5900,1.4200,348.2500,5899.8100,field_measured,HT1-004井168.3+139.7mm油层尾管控压固井施工设计 (已审批).doc 一.1.4.1 井斜方位表,high,狗腿角1.92°/30m
ht1_004,5930,1.0300,310.1500,5929.8100,field_measured,HT1-004井168.3+139.7mm油层尾管控压固井施工设计 (已审批).doc 一.1.4.1 井斜方位表,high,狗腿角0.88°/30m
ht1_004,5960,1.3900,344.8600,5959.8000,field_measured,HT1-004井168.3+139.7mm油层尾管控压固井施工设计 (已审批).doc 一.1.4.1 井斜方位表,high,狗腿角0.80°/30m
ht1_004,5990,0.8800,353.6200,5989.8000,field_measured,HT1-004井168.3+139.7mm油层尾管控压固井施工设计 (已审批).doc 一.1.4.1 井斜方位表,high,狗腿角0.54°/30m
ht1_004,6020,1.3400,341.5600,6019.7900,field_measured,HT1-004井168.3+139.7mm油层尾管控压固井施工设计 (已审批).doc 一.1.4.1 井斜方位表,high,狗腿角0.51°/30m
ht1_004,6050,1.0200,295.5300,6049.7800,field_measured,HT1-004井168.3+139.7mm油层尾管控压固井施工设计 (已审批).doc 一.1.4.1 井斜方位表,high,狗腿角0.97°/30m
ht1_004,6080,1.3600,311.6300,6079.7800,field_measured,HT1-004井168.3+139.7mm油层尾管控压固井施工设计 (已审批).doc 一.1.4.1 井斜方位表,high,狗腿角0.47°/30m
ht1_004,6110,1.4400,312.9300,6109.7700,field_measured,HT1-004井168.3+139.7mm油层尾管控压固井施工设计 (已审批).doc 一.1.4.1 井斜方位表,high,狗腿角0.09°/30m
ht1_004,6140,1.0100,283.6800,6139.7600,field_measured,HT1-004井168.3+139.7mm油层尾管控压固井施工设计 (已审批).doc 一.1.4.1 井斜方位表,high,狗腿角0.75°/30m
ht1_004,6170,1.0400,332.3000,6169.7600,field_measured,HT1-004井168.3+139.7mm油层尾管控压固井施工设计 (已审批).doc 一.1.4.1 井斜方位表,high,狗腿角0.84°/30m
ht1_004,6200,1.1100,284.4100,6199.7500,field_measured,HT1-004井168.3+139.7mm油层尾管控压固井施工设计 (已审批).doc 一.1.4.1 井斜方位表,high,狗腿角0.87°/30m
ht1_004,6230,1.0600,331.9700,6229.7500,field_measured,HT1-004井168.3+139.7mm油层尾管控压固井施工设计 (已审批).doc 一.1.4.1 井斜方位表,high,狗腿角0.88°/30m
ht1_004,6260,0.9800,287.7900,6259.7400,field_measured,HT1-004井168.3+139.7mm油层尾管控压固井施工设计 (已审批).doc 一.1.4.1 井斜方位表,high,狗腿角0.77°/30m
ht1_004,6290,1.2400,328.7500,6289.7400,field_measured,HT1-004井168.3+139.7mm油层尾管控压固井施工设计 (已审批).doc 一.1.4.1 井斜方位表,high,狗腿角0.81°/30m
ht1_004,6320,0.7400,303.2500,6319.7300,field_measured,HT1-004井168.3+139.7mm油层尾管控压固井施工设计 (已审批).doc 一.1.4.1 井斜方位表,high,狗腿角0.65°/30m
ht1_004,6350,1.2800,291.2200,6349.7300,field_measured,HT1-004井168.3+139.7mm油层尾管控压固井施工设计 (已审批).doc 一.1.4.1 井斜方位表,high,狗腿角0.58°/30m
ht1_004,6380,1.2400,293.6500,6379.7200,field_measured,HT1-004井168.3+139.7mm油层尾管控压固井施工设计 (已审批).doc 一.1.4.1 井斜方位表,high,狗腿角0.07°/30m
ht1_004,6410,1.6800,315.5700,6409.7100,field_measured,HT1-004井168.3+139.7mm油层尾管控压固井施工设计 (已审批).doc 一.1.4.1 井斜方位表,high,狗腿角0.70°/30m
ht1_004,6440,0.8200,320.1600,6439.7100,field_measured,HT1-004井168.3+139.7mm油层尾管控压固井施工设计 (已审批).doc 一.1.4.1 井斜方位表,high,狗腿角0.87°/30m
ht1_004,6470,1.8400,327.2800,6469.7000,field_measured,HT1-004井168.3+139.7mm油层尾管控压固井施工设计 (已审批).doc 一.1.4.1 井斜方位表,high,狗腿角1.03°/30m
ht1_004,6500,1.2900,344.1200,6499.6900,field_measured,HT1-004井168.3+139.7mm油层尾管控压固井施工设计 (已审批).doc 一.1.4.1 井斜方位表,high,狗腿角0.71°/30m
ht1_004,6530,1.1600,330.3500,6529.6800,field_measured,HT1-004井168.3+139.7mm油层尾管控压固井施工设计 (已审批).doc 一.1.4.1 井斜方位表,high,狗腿角0.32°/30m
ht1_004,6560,1.2100,324.3600,6559.6700,field_measured,HT1-004井168.3+139.7mm油层尾管控压固井施工设计 (已审批).doc 一.1.4.1 井斜方位表,high,狗腿角0.13°/30m
ht1_004,6600,1.7400,341.2600,6599.6600,field_measured,HT1-004井168.3+139.7mm油层尾管控压固井施工设计 (已审批).doc 一.1.4.1 井斜方位表,high,狗腿角0.51°/30m
ht1_004,6620,1.3300,317.2200,6619.6500,field_measured,HT1-004井168.3+139.7mm油层尾管控压固井施工设计 (已审批).doc 一.1.4.1 井斜方位表,high,狗腿角1.13°/30m
ht1_004,6650,2.0200,326.1700,6649.6400,field_measured,HT1-004井168.3+139.7mm油层尾管控压固井施工设计 (已审批).doc 一.1.4.1 井斜方位表,high,狗腿角0.74°/30m
ht1_004,6680,1.3600,338.1200,6679.6300,field_measured,HT1-004井168.3+139.7mm油层尾管控压固井施工设计 (已审批).doc 一.1.4.1 井斜方位表,high,狗腿角0.74°/30m
ht1_004,6710,1.8200,338.1100,6709.6100,field_measured,HT1-004井168.3+139.7mm油层尾管控压固井施工设计 (已审批).doc 一.1.4.1 井斜方位表,high,狗腿角0.46°/30m
ht1_004,6740,1.3400,309.8500,6739.6000,field_measured,HT1-004井168.3+139.7mm油层尾管控压固井施工设计 (已审批).doc 一.1.4.1 井斜方位表,high,狗腿角0.90°/30m
ht1_004,6770,1.4300,304.3700,6769.5900,field_measured,HT1-004井168.3+139.7mm油层尾管控压固井施工设计 (已审批).doc 一.1.4.1 井斜方位表,high,狗腿角0.16°/30m
ht1_004,6800,1.6700,321.8700,6799.5800,field_measured,HT1-004井168.3+139.7mm油层尾管控压固井施工设计 (已审批).doc 一.1.4.1 井斜方位表,high,狗腿角0.53°/30m
ht1_004,6830,1.7800,318.5600,6829.5700,field_measured,HT1-004井168.3+139.7mm油层尾管控压固井施工设计 (已审批).doc 一.1.4.1 井斜方位表,high,狗腿角0.15°/30m
ht1_004,6860,1.8300,303.0800,6859.5600,field_measured,HT1-004井168.3+139.7mm油层尾管控压固井施工设计 (已审批).doc 一.1.4.1 井斜方位表,high,狗腿角0.49°/30m
ht1_004,6890,1.3200,302.6000,6889.5400,field_measured,HT1-004井168.3+139.7mm油层尾管控压固井施工设计 (已审批).doc 一.1.4.1 井斜方位表,high,狗腿角0.51°/30m
ht1_004,6920,1.5100,287.0600,6919.5300,field_measured,HT1-004井168.3+139.7mm油层尾管控压固井施工设计 (已审批).doc 一.1.4.1 井斜方位表,high,狗腿角0.43°/30m
ht1_004,6950,1.5900,255.2000,6949.5200,field_measured,HT1-004井168.3+139.7mm油层尾管控压固井施工设计 (已审批).doc 一.1.4.1 井斜方位表,high,狗腿角0.85°/30m
ht1_004,6980,1.6600,260.1700,6979.5100,field_measured,HT1-004井168.3+139.7mm油层尾管控压固井施工设计 (已审批).doc 一.1.4.1 井斜方位表,high,狗腿角0.16°/30m
ht1_004,7010,1.3500,241.1100,7009.5000,field_measured,HT1-004井168.3+139.7mm油层尾管控压固井施工设计 (已审批).doc 一.1.4.1 井斜方位表,high,狗腿角0.58°/30m
ht1_004,7040,1.5600,240.5400,7039.4900,field_measured,HT1-004井168.3+139.7mm油层尾管控压固井施工设计 (已审批).doc 一.1.4.1 井斜方位表,high,狗腿角0.21°/30m
ht1_004,7070,1.6200,231.9800,7069.4800,field_measured,HT1-004井168.3+139.7mm油层尾管控压固井施工设计 (已审批).doc 一.1.4.1 井斜方位表,high,狗腿角0.25°/30m
ht1_004,7100,2.2600,233.3900,7099.4600,field_measured,HT1-004井168.3+139.7mm油层尾管控压固井施工设计 (已审批).doc 一.1.4.1 井斜方位表,high,狗腿角0.64°/30m
ht1_004,7130,2.2800,228.6200,7129.4400,field_measured,HT1-004井168.3+139.7mm油层尾管控压固井施工设计 (已审批).doc 一.1.4.1 井斜方位表,high,狗腿角0.19°/30m
ht1_004,7160,2.7400,209.8500,7159.4100,field_measured,HT1-004井168.3+139.7mm油层尾管控压固井施工设计 (已审批).doc 一.1.4.1 井斜方位表,high,狗腿角0.94°/30m
ht1_004,7190,3.1300,219.9600,7189.3700,field_measured,HT1-004井168.3+139.7mm油层尾管控压固井施工设计 (已审批).doc 一.1.4.1 井斜方位表,high,狗腿角0.65°/30m
ht1_004,7220,3.2000,206.4800,7219.3300,field_measured,HT1-004井168.3+139.7mm油层尾管控压固井施工设计 (已审批).doc 一.1.4.1 井斜方位表,high,狗腿角0.75°/30m
ht1_004,7250,3.3400,217.2400,7249.2800,field_measured,HT1-004井168.3+139.7mm油层尾管控压固井施工设计 (已审批).doc 一.1.4.1 井斜方位表,high,狗腿角0.63°/30m
ht1_004,7280,4.1100,214.6100,7279.2100,field_measured,HT1-004井168.3+139.7mm油层尾管控压固井施工设计 (已审批).doc 一.1.4.1 井斜方位表,high,狗腿角0.79°/30m
ht1_004,7310,4.6800,203.7900,7309.1300,field_measured,HT1-004井168.3+139.7mm油层尾管控压固井施工设计 (已审批).doc 一.1.4.1 井斜方位表,high,狗腿角1.00°/30m
ht1_004,7340,4.2300,204.7700,7339.0400,field_measured,HT1-004井168.3+139.7mm油层尾管控压固井施工设计 (已审批).doc 一.1.4.1 井斜方位表,high,狗腿角0.46°/30m
ht1_004,7380,4.6300,204.0300,7378.9200,field_measured,HT1-004井168.3+139.7mm油层尾管控压固井施工设计 (已审批).doc 一.1.4.1 井斜方位表,high,狗腿角0.30°/30m
ht1_004,7400,5.0700,202.2800,7398.8400,field_measured,HT1-004井168.3+139.7mm油层尾管控压固井施工设计 (已审批).doc 一.1.4.1 井斜方位表,high,狗腿角0.70°/30m
ht1_004,7430,5.4800,200.3200,7428.7200,field_measured,HT1-004井168.3+139.7mm油层尾管控压固井施工设计 (已审批).doc 一.1.4.1 井斜方位表,high,狗腿角0.45°/30m
ht1_004,7460,6.3200,199.2100,7458.5600,field_measured,HT1-004井168.3+139.7mm油层尾管控压固井施工设计 (已审批).doc 一.1.4.1 井斜方位表,high,狗腿角0.85°/30m
ht1_004,7490,7.0100,199.4100,7488.3600,field_measured,HT1-004井168.3+139.7mm油层尾管控压固井施工设计 (已审批).doc 一.1.4.1 井斜方位表,high,狗腿角0.69°/30m
ht1_004,7520,6.5800,192.8000,7518.1500,field_measured,HT1-004井168.3+139.7mm油层尾管控压固井施工设计 (已审批).doc 一.1.4.1 井斜方位表,high,狗腿角0.89°/30m
ht1_004,7550,6.9200,193.9400,7547.9400,field_measured,HT1-004井168.3+139.7mm油层尾管控压固井施工设计 (已审批).doc 一.1.4.1 井斜方位表,high,狗腿角0.37°/30m
ht1_004,7580,7.5400,193.2600,7577.7000,field_measured,HT1-004井168.3+139.7mm油层尾管控压固井施工设计 (已审批).doc 一.1.4.1 井斜方位表,high,狗腿角0.63°/30m
ht1_004,7610,7.9100,192.0100,7607.4300,field_measured,HT1-004井168.3+139.7mm油层尾管控压固井施工设计 (已审批).doc 一.1.4.1 井斜方位表,high,狗腿角0.41°/30m
ht1_004,7660,8.3500,192.9800,7656.9200,field_measured,HT1-004井168.3+139.7mm油层尾管控压固井施工设计 (已审批).doc 一.1.4.1 井斜方位表,high,狗腿角0.28°/30m
