阶段,流体键,体积_m3,排量_m3_min,起始累计体积_m3,结束累计体积_m3,来源,备注
注平衡液,balance,25.0,1.2,0.0,25.0,呼101抽取报告 §3.2,直接体积与密度
注驱油隔离液,spacer,25.0,1.2,25.0,50.0,呼101抽取报告 §3.2,直接体积与密度；流变缺失，采用文献+泥浆代理回填
注领浆,lead,47.0,1.2,50.0,97.0,呼101抽取报告 §3.2 + 2011121,直接体积、密度、幂律参数
注尾浆,tail,23.0,1.2,97.0,120.0,呼101抽取报告 §3.2 + 2011121,直接体积、密度、幂律参数
注后置液(管内),mud(complement),2.0,0.6,120.0,122.0,呼101抽取报告 §3.2/§3.3,仅按管内压塞/占位处理，不作为独立环空入流
注轻泥浆,light_mud,26.0,1.5,122.0,148.0,呼101抽取报告 §3.2/§3.3 + 技术总结现场排量,直接体积；按现场 1.5 m³/min 建模
注中置液,middle_fluid,10.0,1.2,148.0,158.0,呼101抽取报告 §3.2/§3.3,直接体积；按主替浆排量建模
井浆快替,mud(complement),40.0,1.0,158.0,198.0,呼101设计/技术总结,按设计表的 40m³@1.0 m³/min 作为快替井浆
井浆慢替,mud(complement),23.4,0.55,198.0,221.4,呼101施工记录表,为满足 101.4m³ 总替量，按剩余 23.4m³@0.55 m³/min 处理
