井深_m,领浆平均浓度,尾浆平均浓度,水泥平均浓度,前置液隔离液平均浓度,平均有效顶替效率,钻井液平均浓度,宽边有效效率,中线有效效率,窄边有效效率,宽边水泥浓度,中线水泥浓度,窄边水泥浓度,宽边前置液隔离液浓度,中线前置液隔离液浓度,窄边前置液隔离液浓度,环空间隙_m,偏心度指标,居中度
7770.0,0.0,1.0,1.0,0.0,1.0,0.0,1.0,1.0,1.0,1.0,1.0,1.0,0.0,0.0,0.0,0.03873620530627648,0.15500000000000003,0.845
7766.30756302521,1.4638518612647404e-34,1.0,1.0,5.280258797921699e-301,1.0,2.7843434779249445e-17,1.0,1.0,0.9999999999999998,1.0,1.0,0.9999999999999998,0.0,6.17538522493724e-310,6.198663935793372e-300,0.03873620530627648,0.15500000000000003,0.845
7762.61512605042,1.8898092232187275e-33,1.0,1.0,8.59828350269627e-300,1.0,6.080220242504289e-17,1.0,1.0,0.9999999999999996,1.0,1.0,0.9999999999999996,0.0,1.3313294103258877e-308,1.006902854781114e-298,0.03873620530627648,0.15500000000000003,0.845
7758.92268907563,1.779190071729683e-32,0.9999999999999999,0.9999999999999999,1.039576921700594e-298,0.9999999999999999,8.954341022512385e-17,1.0,1.0,0.9999999999999993,1.0,1.0,0.9999999999999993,0.0,1.9783198828690533e-307,1.2150739083335255e-297,0.03873620530627648,0.15500000000000003,0.845
7755.2302521008405,1.4469450813142424e-31,0.9999999999999999,0.9999999999999999,1.1045854817008679e-297,0.9999999999999999,1.1971197774467785e-16,1.0,1.0,0.9999999999999992,1.0,1.0,0.9999999999999992,0.0,2.4633594754617335e-306,1.2891902957438487e-296,0.03873620530627648,0.15500000000000003,0.845
7751.53781512605,1.072002820683296e-30,0.9999999999999999,0.9999999999999999,1.0861997554004243e-296,0.9999999999999999,1.4612690046291254e-16,1.0,1.0,0.9999999999999991,1.0,1.0,0.9999999999999991,0.0,2.7506222314050793e-305,1.2664432994511009e-295,0.03873620530627648,0.15500000000000003,0.845
7747.845378151261,7.408445644529261e-30,0.9999999999999999,0.9999999999999999,1.0102726243409492e-295,0.9999999999999999,1.660931537042459e-16,1.0,1.0,0.999999999999999,1.0,1.0,0.999999999999999,0.0,2.844293974377431e-304,1.1772508325582768e-294,0.03873620530627648,0.15500000000000003,0.845
7744.15294117647,4.835820006661425e-29,0.9999999999999999,0.9999999999999999,8.97809153390891e-295,0.9999999999999999,1.9639039764410953e-16,1.0,1.0,0.9999999999999987,1.0,1.0,0.9999999999999987,0.0,2.7707946728876155e-303,1.0461806820674518e-293,0.03873620530627648,0.15500000000000003,0.845
7740.460504201681,3.002825320583063e-28,0.9999999999999999,0.9999999999999999,7.65592700575452e-294,0.9999999999999999,2.0205021522456495e-16,1.0,1.0,0.9999999999999984,1.0,1.0,0.9999999999999984,0.0,2.565945444478226e-302,8.927782614108181e-293,0.03873620530627648,0.15500000000000003,0.845
7736.768067226891,1.780817653872705e-27,0.9999999999999999,0.9999999999999999,6.267214764871159e-293,0.9999999999999999,2.335538817984381e-16,1.0,1.0,0.9999999999999982,1.0,1.0,0.9999999999999982,0.0,2.2667342213299984e-301,7.322471031305562e-292,0.03873620530627648,0.15500000000000003,0.845
7733.075630252101,1.0099113742712029e-26,0.9999999999999999,0.9999999999999999,4.910551807096698e-292,0.9999999999999999,2.4948009522333973e-16,1.0,0.9999999999999998,0.999999999999998,1.0,0.9999999999999998,0.999999999999998,3.5e-323,1.9061330775610726e-300,5.760004855011554e-291,0.03873620530627648,0.15500000000000003,0.845
7729.383193277311,5.464480565428231e-26,0.9999999999999999,0.9999999999999999,3.656035683413255e-291,0.9999999999999999,2.654027126657892e-16,1.0,0.9999999999999998,0.9999999999999978,1.0,0.9999999999999998,0.9999999999999978,3.9e-322,1.5090453876990257e-299,4.321323588478524e-290,0.03873620530627648,0.15500000000000003,0.845
7725.690756302521,2.7964437373755834e-25,0.9999999999999999,0.9999999999999999,2.5489380759273423e-290,0.9999999999999999,2.8940835390591733e-16,1.0,0.9999999999999998,0.9999999999999976,1.0,0.9999999999999998,0.9999999999999976,3.79e-321,1.0864727390092893e-298,3.0585668659283486e-289,0.03873620530627648,0.15500000000000003,0.845
7721.998319327731,1.3239020435786467e-24,0.9999999999999999,0.9999999999999999,1.6165515929101834e-289,0.9999999999999999,3.15399269444388e-16,1.0,0.9999999999999998,0.9999999999999973,1.0,0.9999999999999998,0.9999999999999973,3.454e-320,6.382085696537821e-298,1.9994862049104615e-288,0.03873620530627648,0.15500000000000003,0.845
7718.305882352941,5.653645584228582e-24,0.9999999999999998,0.9999999999999998,9.018583892142831e-289,0.9999999999999998,3.463597953697586e-16,1.0,0.9999999999999999,0.9999999999999971,1.0,0.9999999999999999,0.9999999999999971,2.97195e-319,2.879717914844974e-297,1.1595545981019466e-287,0.038736205306276486,0.15161176470588178,0.8483882352941182
7714.6134453781515,2.2033843246748123e-23,0.9999999999999996,0.9999999999999996,4.486248490475492e-288,0.9999999999999996,3.835280132489028e-16,1.0,0.9999999999999998,0.9999999999999969,1.0,0.9999999999999998,0.9999999999999969,2.453446e-318,1.1548234009083061e-296,5.916734384116728e-287,0.0387362053062765,0.14422689075630302,0.855773109243697
7710.921008403361,8.198030510976414e-23,0.9999999999999999,0.9999999999999999,2.1095911881725223e-287,0.9999999999999999,3.9638154695674774e-16,1.0,0.9999999999999998,0.9999999999999967,1.0,0.9999999999999998,0.9999999999999967,1.9686856e-317,5.35292904859931e-296,2.776589276795492e-286,0.03873620530627649,0.13684201680672237,0.8631579831932776
7707.228571428572,3.021133317917606e-22,0.9999999999999997,0.9999999999999997,9.902314803995809e-287,0.9999999999999997,4.486284874050426e-16,1.0,1.0,0.9999999999999964,1.0,1.0,0.9999999999999964,1.50246983e-316,3.0305553193456604e-295,1.2816371874778765e-285,0.038736205306276486,0.135,0.865
7703.536134453781,1.1030849630155466e-21,0.9999999999999998,0.9999999999999998,4.660946530047579e-286,0.9999999999999998,4.768335535475615e-16,1.0,1.0,0.9999999999999962,1.0,1.0,0.9999999999999962,1.08664701e-315,1.7915072593497198e-294,5.924454434146346e-285,0.038736205306276486,0.135,0.865
7699.843697478992,3.976669256013079e-21,0.9999999999999998,0.9999999999999998,2.1926491114286412e-285,0.9999999999999998,5.009576639433643e-16,1.0,1.0,0.9999999999999962,1.0,1.0,0.9999999999999962,7.50643995e-315,1.0443331368353622e-293,2.741821250060583e-284,0.038736205306276486,0.135,0.865
7696.151260504202,1.41441818232506e-20,0.9999999999999997,0.9999999999999997,1.0307398298676276e-284,0.9999999999999997,5.254179651800979e-16,1.0,1.0,0.9999999999999962,1.0,1.0,0.9999999999999962,4.9936475626e-314,5.991454160459708e-293,1.2699872234243225e-283,0.038736205306276486,0.135,0.865
7692.458823529412,4.9598906166637773e-20,0.9999999999999997,0.9999999999999997,4.8408717797270145e-284,0.9999999999999997,5.417786770025189e-16,1.0,1.0,0.9999999999999962,1.0,1.0,0.9999999999999962,3.2235595797e-313,3.3805965128453832e-292,5.885409389866246e-283,0.038736205306276486,0.135,0.865
7688.766386554622,1.7135810423652138e-19,0.9999999999999997,0.9999999999999997,2.270869215289716e-283,0.9999999999999997,5.541148018362313e-16,1.0,1.0,0.9999999999999962,1.0,1.0,0.9999999999999962,2.032196710303e-312,1.8762384718463263e-291,2.7277888761048214e-282,0.038736205306276486,0.135,0.865
7685.073949579832,5.82900558981461e-19,0.9999999999999997,0.9999999999999997,1.0637902406385963e-282,0.9999999999999997,5.705432706354325e-16,1.0,1.0,0.9999999999999962,1.0,1.0,0.9999999999999962,1.25734881485e-311,1.0249727395945874e-290,1.2639920626052119e-281,0.038736205306276486,0.135,0.865
7681.381512605042,1.9510968695240844e-18,0.9999999999999997,0.9999999999999997,4.9754793753239966e-282,0.9999999999999997,5.869717394346337e-16,1.0,1.0,0.9999999999999962,1.0,1.0,0.9999999999999962,7.661394165788e-311,5.516954081533558e-290,5.853818115524635e-281,0.038736205306276486,0.135,0.865
7677.689075630252,6.422650804662742e-18,0.9999999999999996,0.9999999999999996,2.3231993286901783e-281,0.9999999999999996,5.953456490184182e-16,1.0,1.0,0.9999999999999963,1.0,1.0,0.9999999999999963,4.60729501636096e-310,2.929311858826415e-289,2.7089156130033944e-280,0.038736205306276486,0.135,0.865
7673.996638655462,2.0781519534466996e-17,0.9999999999999996,0.9999999999999996,1.0829940515151861e-280,0.9999999999999996,5.833974862796304e-16,1.0,1.0,0.9999999999999964,1.0,1.0,0.9999999999999964,2.737434336533617e-309,1.5363268258789985e-288,1.2524834317401966e-279,0.038736205306276486,0.135,0.865
7670.304201680672,6.60638738643388e-17,0.9999999999999996,0.9999999999999997,5.041323150426291e-280,0.9999999999999997,5.566093844636399e-16,1.0,1.0,0.9999999999999968,1.0,1.0,0.9999999999999968,1.6075908239511908e-308,7.970231230507295e-288,5.786353765984825e-279,0.038736205306276486,0.135,0.865
7666.611764705883,2.0624823820835464e-16,0.9999999999999994,0.9999999999999997,2.344334666146213e-279,0.9999999999999997,5.547034433288839e-16,1.0,1.0,0.9999999999999969,1.0,1.0,0.9999999999999969,9.331740931760664e-308,4.0962425978867453e-287,2.671905491238931e-278,0.038736205306276486,0.135,0.865
7662.919327731092,6.321068604547566e-16,0.9999999999999991,0.9999999999999997,1.0897287302882657e-278,0.9999999999999997,5.552511819549995e-16,1.0,1.0,0.999999999999997,1.0,1.0,0.999999999999997,5.3541413950883235e-307,2.0889215922926774e-286,1.2337912768419484e-277,0.038736205306276486,0.135,0.865
7659.226890756303,1.9011542378231562e-15,0.9999999999999978,0.9999999999999997,5.067439358349004e-278,0.9999999999999997,5.214736283409645e-16,1.0,1.0,0.9999999999999972,1.0,1.0,0.9999999999999972,3.03658891638623e-306,1.0587691769449076e-285,5.701327517273973e-277,0.038736205306276486,0.135,0.865
7655.534453781513,5.609708503434368e-15,0.999999999999994,0.9999999999999999,2.3595967787920235e-277,0.9999999999999999,4.601046633080628e-16,1.0,1.0,0.9999999999999974,1.0,1.0,0.9999999999999974,1.7028331171518724e-305,5.342612045501263e-285,2.638773552144655e-276,0.038736205306276486,0.135,0.865
7651.842016806723,1.6234715381125383e-14,0.9999999999999832,0.9999999999999997,1.1012956285189441e-276,0.9999999999999997,4.1521474896237055e-16,1.0,1.0,0.9999999999999974,1.0,1.0,0.9999999999999974,9.446751647732535e-305,2.6884039736991616e-284,1.224441570953469e-275,0.038736205306276486,0.135,0.865
7648.149579831933,4.6071307563851867e-14,0.9999999999999538,0.9999999999999999,5.157276552751773e-276,0.9999999999999999,3.96668229897993e-16,1.0,1.0,0.9999999999999977,1.0,1.0,0.9999999999999977,5.18881590687882e-304,1.3511227498033783e-283,5.701733041093024e-275,0.038736205306276486,0.135,0.865
7644.457142857143,1.281773893558258e-13,0.9999999999998717,0.9999999999999998,2.425409009503655e-275,0.9999999999999998,3.954959505466703e-16,1.0,1.0,0.9999999999999979,1.0,1.0,0.9999999999999979,2.8247981512704612e-303,6.791295198191413e-283,2.666880327284711e-274,0.038736205306276486,0.135,0.865
7640.764705882353,3.4955317241222677e-13,0.9999999999996502,0.9999999999999998,1.1464078630006114e-274,0.9999999999999998,3.454948698580862e-16,1.0,1.0,0.9999999999999982,1.0,1.0,0.9999999999999982,1.52611111941951e-302,3.4180100733344803e-282,1.2539254300839258e-273,0.038736205306276486,0.135,0.865
7637.072268907563,9.342716971151323e-13,0.9999999999990654,0.9999999999999997,5.449622195633225e-274,0.9999999999999997,3.202974769140718e-16,1.0,1.0,0.9999999999999984,1.0,1.0,0.9999999999999984,8.193562673339252e-302,1.7241077458880624e-281,5.930596984319712e-273,0.038736205306276486,0.135,0.865
7633.379831932773,2.4470262762328014e-12,0.9999999999975527,0.9999999999999999,2.6068301116852025e-273,0.9999999999999999,3.1485177198960074e-16,1.0,1.0,0.9999999999999986,1.0,1.0,0.9999999999999986,4.378106872764402e-301,8.722655527999715e-281,2.8231318367328536e-272,0.038736205306276486,0.135,0.865
7629.687394957983,6.280094139561151e-12,0.9999999999937198,0.9999999999999997,1.255539665074163e-272,0.9999999999999997,3.045672339093171e-16,1.0,0.9999999999999999,0.9999999999999987,1.0,0.9999999999999999,0.9999999999999987,2.331646155645579e-300,4.42891600058618e-280,1.353378170591626e-271,0.038736205306276486,0.135,0.865
7625.994957983194,1.5791399547985207e-11,0.9999999999842082,0.9999999999999997,6.093152365945392e-272,0.9999999999999997,3.171122315862479e-16,1.0,0.9999999999999998,0.9999999999999984,1.0,0.9999999999999998,0.9999999999999984,1.239370759723485e-299,2.2582870135787874e-279,6.538468598987316e-271,0.038736205306276486,0.135,0.865
7622.302521008403,3.89022148741486e-11,0.9999999999610977,0.9999999999999997,2.982768893398457e-271,0.9999999999999997,3.3784487478246085e-16,1.0,0.9999999999999999,0.9999999999999984,1.0,0.9999999999999999,0.9999999999999984,6.583232465202564e-299,1.1572340288552247e-278,3.1868315404971195e-270,0.038736205306276486,0.135,0.865
7618.610084033614,9.388715993195756e-11,0.9999999999061127,0.9999999999999997,1.4752734145369076e-270,0.9999999999999997,3.5201524554356985e-16,1.0,1.0,0.9999999999999986,1.0,1.0,0.9999999999999986,3.4981317392385893e-298,5.965948452406807e-278,1.5694885468171304e-269,0.038736205306276486,0.135,0.865
7614.917647058824,2.2197347996310824e-10,0.9999999997780264,0.9999999999999998,7.389801610533458e-270,0.9999999999999998,3.291809572864602e-16,1.0,1.0,0.9999999999999986,1.0,1.0,0.9999999999999986,1.8611249861672597e-297,3.0989420016104897e-277,7.828569194797773e-269,0.038736205306276486,0.135,0.865
7611.225210084034,5.141017788217358e-10,0.999999999485898,0.9999999999999997,3.7611320387307774e-269,0.9999999999999997,3.422981290111385e-16,1.0,1.0,0.9999999999999987,1.0,1.0,0.9999999999999987,9.921631348531609e-297,1.625411637596014e-276,3.967582954887925e-268,0.038736205306276486,0.135,0.865
7607.532773109244,1.1663933421289362e-09,0.9999999988336067,0.9999999999999999,1.95318342313744e-268,0.9999999999999999,3.3375845525311155e-16,1.0,0.9999999999999999,0.9999999999999988,1.0,0.9999999999999999,0.9999999999999988,5.303498525747025e-296,8.634218767759059e-276,2.05153592275545e-267,0.038736205306276486,0.135,0.865
7603.8403361344535,2.592315062586821e-09,0.9999999974076849,0.9999999999999999,1.0399731518178894e-267,0.9999999999999999,3.10138347367721e-16,1.0,0.9999999999999998,0.999999999999999,1.0,0.9999999999999998,0.999999999999999,2.8447554671827876e-295,4.663266696417889e-275,1.0875222705170177e-266,0.038736205306276486,0.135,0.865
7600.147899159664,5.6439080111801694e-09,0.9999999943560921,0.9999999999999999,5.706110252078211e-267,0.9999999999999999,2.784790891060065e-16,1.0,0.9999999999999999,0.9999999999999989,1.0,0.9999999999999999,0.9999999999999989,1.532676318229465e-294,2.5731290117283883e-274,5.939824454496147e-266,0.038736205306276486,0.135,0.865
7596.455462184874,1.2037248952056233e-08,0.9999999879627508,0.9999999999999998,3.240220185156187e-266,0.9999999999999998,3.030023394976851e-16,1.0,1.0,0.9999999999999991,1.0,1.0,0.9999999999999991,8.3053375515939e-294,1.4585562615057686e-273,3.35703840689866e-265,0.038736205306276486,0.135,0.865
7592.763025210084,2.5150020061926827e-08,0.9999999748499799,0.9999999999999999,1.9092727341314983e-265,0.9999999999999999,2.9214773964967988e-16,1.0,0.9999999999999998,0.9999999999999991,1.0,0.9999999999999998,0.9999999999999991,4.535022081934357e-293,8.54071062807955e-273,1.9684715257213168e-264,0.038736205306276486,0.135,0.865
7589.070588235294,5.147831071714305e-08,0.9999999485216893,0.9999999999999998,1.1676546420778323e-264,0.9999999999999998,3.0402674143484754e-16,1.0,0.9999999999999996,0.9999999999999991,1.0,0.9999999999999996,0.9999999999999991,2.501775199373436e-292,5.190698295906654e-272,1.1978154646796907e-263,0.038736205306276486,0.135,0.865
7585.378151260505,1.0322819770080125e-07,0.9999998967718026,0.9999999999999999,7.394535464896689e-264,0.9999999999999999,3.037198611808632e-16,1.0,0.9999999999999996,0.999999999999999,1.0,0.9999999999999996,0.999999999999999,1.3992364389407191e-291,3.2836653968831114e-271,7.546389701140359e-263,0.038736205306276486,0.135,0.865
7581.685714285714,2.028036004013807e-07,0.9999997971963994,0.9999999999999999,4.82836525733703e-263,0.9999999999999999,3.3286143341596246e-16,1.0,0.9999999999999997,0.999999999999999,1.0,0.9999999999999997,0.999999999999999,7.970468153484176e-291,2.1627788993646144e-270,4.9013934855434394e-262,0.038736205306276486,0.135,0.865
7577.993277310925,3.903669716467258e-07,0.9999996096330283,0.9999999999999998,3.2335492047299805e-262,0.9999999999999998,3.269281703879189e-16,1.0,0.9999999999999998,0.9999999999999991,1.0,0.9999999999999998,0.9999999999999991,4.649842037669324e-290,1.4796586024357898e-269,3.2645500080827223e-261,0.038736205306276486,0.135,0.865
7574.300840336135,7.362221838156867e-07,0.9999992637778161,0.9999999999999999,2.209032379668408e-261,0.9999999999999999,3.345931730065125e-16,1.0,0.9999999999999996,0.9999999999999989,1.0,0.9999999999999996,0.9999999999999989,2.795534633762868e-289,1.04693478393071e-268,2.217658627253664e-260,0.038736205306276486,0.135,0.865
7570.608403361344,1.3605136602018e-06,0.9999986394863399,0.9999999999999999,1.5319846831673879e-260,0.9999999999999999,3.364890764253477e-16,1.0,0.9999999999999997,0.9999999999999991,1.0,0.9999999999999997,0.9999999999999991,1.742867611028054e-288,7.620313668946669e-268,1.5290056739947062e-259,0.038736205306276486,0.135,0.865
7566.915966386555,2.4636341448348587e-06,0.9999975363658551,0.9999999999999999,1.0742061568675184e-259,0.9999999999999999,2.9283280114800636e-16,1.0,0.9999999999999999,0.9999999999999991,1.0,0.9999999999999999,0.9999999999999991,1.1325639350881397e-287,5.675357896803179e-267,1.0656289974974776e-258,0.038736205306276486,0.135,0.865
7563.2235294117645,4.371710833145358e-06,0.9999956282891667,0.9999999999999999,7.591680022811279e-259,0.9999999999999999,2.476801707074014e-16,1.0,0.9999999999999999,0.9999999999999992,1.0,0.9999999999999999,0.9999999999999992,7.693481195710212e-287,4.3044007398991066e-266,7.483597115719638e-258,0.038736205306276486,0.135,0.865
7559.531092436975,7.602437813941999e-06,0.999992397562186,0.9999999999999997,5.394922916275784e-258,0.9999999999999997,2.893610453477745e-16,1.0,1.0,0.9999999999999991,1.0,1.0,0.9999999999999991,5.463200365419626e-286,3.3116498579688476e-265,5.283135695830862e-257,0.038736205306276486,0.135,0.865
7555.838655462185,1.2957077867514001e-05,0.9999870429221324,0.9999999999999999,3.848482020055785e-257,0.9999999999999999,2.611110435577514e-16,1.0,0.9999999999999999,0.9999999999999991,1.0,0.9999999999999999,0.9999999999999991,4.04415583245838e-285,2.576878675042374e-264,3.7428313137767546e-256,0.038736205306276486,0.135,0.865
7552.146218487395,2.1644293194877046e-05,0.999978355706805,0.9999999999999997,2.752487437055717e-256,0.9999999999999997,2.7804188539053534e-16,1.0,0.9999999999999998,0.9999999999999991,1.0,0.9999999999999998,0.9999999999999991,3.106130457296265e-284,2.0235390421574077e-263,2.6576741948198347e-255,0.038736205306276486,0.135,0.865
7548.453781512605,3.544012445739884e-05,0.9999645598755426,1.0,1.9720930239865445e-255,1.0,3.150517542637172e-16,1.0,0.9999999999999996,0.9999999999999989,1.0,0.9999999999999996,0.9999999999999989,2.4617337114220193e-283,1.6011218022703305e-262,1.88982856890955e-254,0.038736205306276486,0.135,0.865
7544.761344537816,5.688546015769813e-05,0.9999431145398422,0.9999999999999999,1.4146421886216273e-254,0.9999999999999999,3.0024923772759494e-16,1.0,0.9999999999999998,0.999999999999999,1.0,0.9999999999999998,0.999999999999999,2.0026427403494015e-282,1.2751756430433115e-261,1.344947939511097e-253,0.038736205306276486,0.135,0.865
7541.068907563025,8.951740377080554e-05,0.9999104825962289,0.9999999999999999,1.0155903689995314e-253,0.9999999999999999,3.5134305861048166e-16,1.0,0.9999999999999998,0.9999999999999989,1.0,0.9999999999999998,0.9999999999999989,1.6648231438672932e-281,1.0215057369265445e-260,9.575893273459132e-253,0.038736205306276486,0.135,0.865
7537.376470588236,0.00013812406994186263,0.9998618759300577,0.9999999999999998,7.295263815694028e-253,0.9999999999999998,4.4038926700654027e-16,1.0,0.9999999999999997,0.9999999999999989,1.0,0.9999999999999997,0.9999999999999989,1.4094130231474785e-280,8.226971923991928e-260,6.819224944084526e-252,0.038736205306276486,0.135,0.865
7533.6840336134455,0.00020900408283830863,0.9997909959171615,0.9999999999999998,5.242740868119032e-252,0.9999999999999998,4.446593312384761e-16,1.0,0.9999999999999999,0.9999999999999989,1.0,0.9999999999999999,0.9999999999999989,1.2121170711014625e-279,6.659615307420035e-259,4.856366956114634e-251,0.038736205306276486,0.135,0.865
7529.991596638656,0.00031020365307271667,0.9996897963469271,0.9999999999999999,3.769224944092547e-251,0.9999999999999999,3.8543659227531277e-16,1.0,1.0,0.999999999999999,1.0,1.0,0.999999999999999,1.0572542997255917e-278,5.417565731860281e-258,3.45848356755242e-250,0.038736205306276486,0.135,0.865
7526.299159663866,0.0004516974720726797,0.9995483025279274,0.9999999999999998,2.7110270953515356e-250,0.9999999999999998,3.8060073174178943e-16,1.0,0.9999999999999999,0.999999999999999,1.0,0.9999999999999999,0.999999999999999,9.343709005750757e-278,4.42872276438153e-257,2.46301499543714e-249,0.038736205306276486,0.135,0.865
7522.6067226890755,0.0006454770418689718,0.9993545229581309,0.9999999999999999,1.9509334514421062e-249,0.9999999999999999,3.905002855296748e-16,1.0,0.9999999999999998,0.999999999999999,1.0,0.9999999999999998,0.999999999999999,8.362809089361079e-277,3.638064655439973e-256,1.7542608914164304e-248,0.038736205306276486,0.135,0.865
7518.914285714286,0.0009055134943313198,0.9990944865056683,0.9999999999999999,1.4048859159833547e-248,0.9999999999999999,3.605740197795241e-16,1.0,0.9999999999999997,0.9999999999999992,1.0,0.9999999999999997,0.9999999999999992,7.57911251011003e-276,3.003269393581522e-255,1.2497800442118913e-247,0.038736205306276486,0.135,0.865
7515.221848739496,0.0012475725199080322,0.998752427480092,0.9999999999999999,1.0125487780590788e-247,0.9999999999999999,2.9375745997617806e-16,1.0,0.9999999999999998,0.9999999999999996,1.0,0.9999999999999998,0.9999999999999996,6.95606835052025e-275,2.4915728309475173e-254,8.907974479239688e-247,0.038736205306276486,0.135,0.865
7511.529411764706,0.0016888761554880163,0.9983111238445119,0.9999999999999999,7.30592532002966e-247,0.9999999999999999,3.1466304319469075e-16,1.0,0.9999999999999998,0.9999999999999997,1.0,0.9999999999999998,0.9999999999999997,6.467038361019502e-274,2.077472798939051e-253,6.354052913865348e-246,0.038736205306276486,0.135,0.865
7507.836974789916,0.0022476273942230287,0.9977523726057768,0.9999999999999999,5.278947234859936e-246,0.9999999999999999,2.9289397151967164e-16,1.0,0.9999999999999998,1.0,1.0,0.9999999999999998,1.0,6.092632780284469e-273,1.7410272535537724e-252,4.537283271248861e-245,0.038736205306276486,0.135,0.865
7504.144537815127,0.0029424348470526644,0.9970575651529473,0.9999999999999999,3.821018768083578e-245,0.9999999999999999,2.395469181084859e-16,1.0,0.9999999999999999,1.0,1.0,0.9999999999999999,1.0,5.8190371696198636e-272,1.4665787028303127e-251,3.244785305750051e-244,0.038736205306276486,0.135,0.865
7500.452100840336,0.0037916914264615183,0.9962083085735384,0.9999999999999999,2.7716213294753942e-244,0.9999999999999999,2.1090707645418449e-16,1.0,0.9999999999999999,1.0,1.0,0.9999999999999999,1.0,5.636982231905378e-271,1.2417896127434447e-250,2.3249634555953425e-243,0.038736205306276486,0.135,0.865
7496.759663865547,0.004812969442678509,0.9951870305573213,0.9999999999999999,2.0155242444002296e-243,0.9999999999999999,3.1614837934033293e-16,1.0,0.9999999999999998,1.0,1.0,0.9999999999999998,1.0,5.541161874801417e-270,1.0569073561969009e-249,1.6699453670707765e-242,0.038736205306276486,0.135,0.865
7493.0672268907565,0.006022492758387362,0.9939775072416124,0.9999999999999999,1.4700375997578483e-242,0.9999999999999999,3.1844619584830845e-16,1.0,0.9999999999999997,1.0,1.0,0.9999999999999997,1.0,5.529998382762914e-269,9.042001162964133e-249,1.2030340823776793e-241,0.038736205306276486,0.135,0.865
7489.374789915966,0.007434735383808097,0.9925652646161915,0.9999999999999999,1.0758436539539773e-241,0.9999999999999999,3.2547134590819746e-16,1.0,0.9999999999999997,0.9999999999999999,1.0,0.9999999999999997,0.9999999999999999,5.605716204066726e-268,7.775211989155843e-248,8.697428276263207e-241,0.038736205306276486,0.135,0.865
7485.682352941177,0.009062177943980492,0.9909378220560194,0.9999999999999998,7.904023579099659e-241,0.9999999999999998,3.034830129145589e-16,1.0,0.9999999999999993,0.9999999999999998,1.0,0.9999999999999993,0.9999999999999998,5.7747346234625114e-267,6.71970723976303e-247,6.313921026304297e-240,0.038736205306276486,0.135,0.865
7481.989915966386,0.010915232875009392,0.9890847671249903,0.9999999999999999,5.832098955179984e-240,0.9999999999999999,2.9603065709056963e-16,1.0,0.9999999999999997,0.9999999999999998,1.0,0.9999999999999997,0.9999999999999998,6.04843597989103e-266,5.836319065780036e-246,4.605401689451957e-239,0.038736205306276486,0.135,0.865
7478.297478991597,0.01300233007955853,0.9869976699204414,0.9999999999999999,4.3239158981059085e-239,0.9999999999999999,3.2403770730236767e-16,1.0,0.9999999999999998,0.9999999999999997,1.0,0.9999999999999998,0.9999999999999997,6.44441977853251e-265,5.093649469458543e-245,3.3772538082571895e-238,0.038736205306276486,0.135,0.865
7474.605042016807,0.015330140170701312,0.9846698598292984,0.9999999999999999,3.222556053590306e-238,0.9999999999999999,3.0331892756571104e-16,1.0,0.9999999999999998,0.9999999999999996,1.0,0.9999999999999998,0.9999999999999996,6.988424639383578e-264,4.466456273249991e-244,2.491467351595456e-237,0.038736205306276486,0.135,0.865
7470.912605042017,0.01790390391952281,0.9820960960804772,0.9999999999999998,2.4153813987538968e-237,0.9999999999999998,2.99079010679614e-16,0.9999999999999999,0.9999999999999999,0.9999999999999992,0.9999999999999999,0.9999999999999999,0.9999999999999992,7.717203498835934e-263,3.934386628476786e-243,1.8501481115330001e-236,0.038736205306276486,0.135,0.865
7467.220168067227,0.02072783416049936,0.9792721658395006,0.9999999999999999,1.821458856160123e-236,0.9999999999999999,3.2512561889410356e-16,1.0,0.9999999999999997,0.9999999999999991,1.0,0.9999999999999997,0.9999999999999991,8.682792680578696e-262,3.480980863345279e-242,1.3838109333967431e-235,0.038736205306276486,0.135,0.865
7463.5277310924375,0.02380555916637272,0.976194440833627,0.9999999999999998,1.3825570177601472e-235,0.9999999999999998,3.6075906315410344e-16,0.9999999999999999,0.9999999999999996,0.9999999999999991,0.9999999999999999,0.9999999999999996,0.9999999999999991,9.958850942543745e-261,3.092886792687752e-241,1.0430810525228499e-234,0.038736205306276486,0.135,0.865
7459.835294117647,0.02714058279949958,0.9728594172005002,0.9999999999999999,1.0567054800053637e-234,0.9999999999999999,3.444959135505523e-16,1.0,0.9999999999999998,0.9999999999999992,1.0,0.9999999999999998,0.9999999999999992,1.1650101755550912e-259,2.7592380087896275e-240,7.928189798034928e-234,0.038736205306276486,0.135,0.865
7456.142857142858,0.03073674495129911,0.9692632550487004,0.9999999999999998,8.135899243804667e-234,0.9999999999999998,4.2974346852994116e-16,0.9999999999999998,0.9999999999999997,0.9999999999999991,0.9999999999999998,0.9999999999999997,0.9999999999999991,1.3906452021625733e-258,2.471160193369799e-239,6.079655106952587e-233,0.038736205306276486,0.135,0.865
7452.4504201680675,0.03459867456211392,0.9654013254378859,0.9999999999999998,6.312604156915778e-233,0.9999999999999998,4.2251789954770556e-16,0.9999999999999999,1.0,0.999999999999999,0.9999999999999999,1.0,0.999999999999999,1.694417547028612e-257,2.2213781971633902e-238,4.706053302660195e-232,0.038736205306276486,0.135,0.865
7448.757983193277,0.03873223599220757,0.961267764007792,0.9999999999999998,4.937780496096933e-232,0.9999999999999998,3.786604305202156e-16,0.9999999999999996,1.0,0.9999999999999988,0.9999999999999996,1.0,0.9999999999999988,2.1077777316108082e-256,2.0039037032887275e-237,3.6789246165333376e-231,0.038736205306276486,0.135,0.865
7445.065546218488,0.04314497728329111,0.9568550227167084,0.9999999999999998,3.8953158400125117e-231,0.9999999999999998,3.889478023032267e-16,0.9999999999999997,0.9999999999999999,0.9999999999999987,0.9999999999999997,0.9999999999999999,0.9999999999999987,2.6767996017242067e-255,1.813787809274713e-236,2.905843948602051e-230,0.038736205306276486,0.135,0.865
7441.373109243697,0.047846595903670935,0.9521534040963289,0.9999999999999998,3.100322694991049e-230,0.9999999999999998,4.276944713818783e-16,0.9999999999999999,0.9999999999999998,0.999999999999998,0.9999999999999999,0.9999999999999998,0.999999999999998,3.469410898176613e-254,1.646924602490383e-235,2.320056554321453e-229,0.038736205306276486,0.135,0.865
7437.680672268908,0.0528494442071458,0.9471505557928537,0.9999999999999997,2.4904996621625563e-229,0.9999999999999997,4.4042367629821266e-16,1.0,0.9999999999999997,0.999999999999998,1.0,0.9999999999999997,0.999999999999998,4.586260012544715e-253,1.499892885357999e-234,1.8731416616584354e-228,0.038736205306276486,0.135,0.865
7433.988235294118,0.05816910356643195,0.941830896433568,0.9999999999999998,2.0199284142685998e-228,0.9999999999999998,4.1163630025212546e-16,1.0,0.9999999999999998,0.9999999999999981,1.0,0.9999999999999998,0.9999999999999981,6.176962162732274e-252,1.3698261870804988e-233,1.5298105889536662e-227,0.038736205306276486,0.135,0.865
7430.295798319328,0.06382506362068603,0.9361749363793136,0.9999999999999999,1.654609345798588e-227,0.9999999999999999,4.138487413837368e-16,0.9999999999999998,0.9999999999999999,0.9999999999999982,0.9999999999999998,0.9999999999999999,0.9999999999999982,8.464171131373706e-251,1.2543054682441942e-232,1.2642097580781077e-226,0.038736205306276486,0.135,0.865
7426.603361344538,0.06984155205823246,0.9301584479417673,0.9999999999999998,1.369238725918414e-226,0.9999999999999998,3.7575291433545303e-16,0.9999999999999996,0.9999999999999998,0.9999999999999984,0.9999999999999996,0.9999999999999998,0.9999999999999984,1.1778766905710987e-249,1.1512711507361404e-231,1.0572850856416884e-225,0.038736205306276486,0.135,0.865
7422.9109243697485,0.07624857165797809,0.9237514283420216,0.9999999999999998,1.1448729380437231e-225,0.9999999999999998,3.7163476397163266e-16,0.9999999999999999,0.9999999999999998,0.9999999999999987,0.9999999999999999,0.9999999999999998,0.9999999999999987,1.6610312798249973e-248,1.0589497395049465e-230,8.948951574367548e-225,0.038736205306276486,0.135,0.865
7419.218487394958,0.0830832157551698,0.91691678424483,0.9999999999999999,9.672268933107608e-225,0.9999999999999999,3.0607469595359745e-16,0.9999999999999998,0.9999999999999999,0.9999999999999993,0.9999999999999998,0.9999999999999999,0.9999999999999993,2.3677494208655605e-247,9.757877351452119e-230,7.664524449248848e-224,0.038736205306276486,0.135,0.865
7415.526050420169,0.09039135154621629,0.9096086484537835,0.9999999999999999,8.2542541888640385e-224,0.9999999999999999,2.7156310737674177e-16,0.9999999999999998,0.9999999999999998,1.0,0.9999999999999998,0.9999999999999998,1.0,3.402280354895366e-246,9.003845529982097e-229,6.639360124256727e-223,0.038736205306276486,0.135,0.865
7411.833613445378,0.09822978285524758,0.9017702171447523,0.9999999999999998,7.110765342115585e-223,0.9999999999999998,2.920364640937939e-16,0.9999999999999994,0.9999999999999994,1.0,0.9999999999999994,0.9999999999999994,1.0,4.913288414704277e-245,8.31415831363287e-228,5.811636665257489e-222,0.038736205306276486,0.135,0.865
7408.141176470588,0.10666902898624138,0.8933309710137584,0.9999999999999998,6.17569859229493e-222,0.9999999999999998,3.5857956330066767e-16,0.9999999999999996,0.9999999999999994,0.9999999999999998,0.9999999999999996,0.9999999999999994,0.9999999999999998,7.107787392514059e-244,7.675331712327477e-227,5.132418448800306e-221,0.038736205306276486,0.135,0.865
7404.448739495799,0.11579687992752768,0.8842031200724721,0.9999999999999998,5.395264302326543e-221,0.9999999999999998,3.302268000010682e-16,0.9999999999999994,0.9999999999999997,0.9999999999999999,0.9999999999999994,0.9999999999999997,0.9999999999999999,1.0264335220173318e-242,7.072089197011135e-226,4.5613156365154665e-220,0.038736205306276486,0.135,0.865
7400.756302521008,0.12572290000931058,0.8742770999906894,0.9999999999999998,4.7234187265113356e-220,0.9999999999999998,3.768246189034187e-16,0.9999999999999993,0.9999999999999994,1.0,0.9999999999999993,0.9999999999999994,1.0,1.4737871621870154e-241,6.484715288845659e-225,4.062812714810628e-219,0.038736205306276486,0.135,0.865
7397.063865546219,0.13658402907217787,0.863415970927822,0.9999999999999998,4.1177776052321936e-219,0.9999999999999998,3.3464400960339828e-16,0.9999999999999993,0.9999999999999994,1.0,0.9999999999999993,0.9999999999999994,1.0,2.0934207511415563e-240,5.884865300453619e-224,3.6028590927691775e-218,0.038736205306276486,0.135,0.865
7393.371428571429,0.14855132816691305,0.8514486718330869,0.9999999999999998,3.535746270610686e-218,0.9999999999999998,3.034425087196196e-16,0.9999999999999992,0.9999999999999994,1.0,0.9999999999999992,0.9999999999999994,1.0,2.9184354469544876e-239,5.230671580656977e-223,3.14543692321202e-217,0.038736205306276486,0.135,0.865
7389.678991596639,0.16183773479968258,0.8381622652003176,0.9999999999999998,2.9310408128381503e-217,0.9999999999999998,3.2775044651152195e-16,0.9999999999999992,0.9999999999999998,0.9999999999999998,0.9999999999999992,0.9999999999999998,0.9999999999999998,3.92835090576525e-238,4.4641385698018604e-222,2.6491955027714877e-216,0.038736205306276486,0.135,0.865
7385.986554621849,0.17670347803355133,0.8232965219664488,0.9999999999999998,2.2517364326819753e-216,0.9999999999999998,3.5254402094209124e-16,0.9999999999999993,0.9999999999999998,0.9999999999999998,0.9999999999999993,0.9999999999999998,0.9999999999999998,4.8951562811258985e-237,3.509209922337699e-221,2.0653175633291927e-215,0.038736205306276486,0.135,0.865
7382.2941176470595,0.1932452417183036,0.8067547582816962,0.9999999999999998,1.442847342196823e-215,0.9999999999999998,3.080461081594798e-16,0.9999999999999993,0.9999999999999999,1.0,0.9999999999999993,0.9999999999999999,1.0,4.937803526877052e-236,2.2665143037961425e-220,1.3398778254604456e-214,0.038736205306276486,0.135,0.865
7378.601680672269,0.21025365350127206,0.7897463464987282,0.9999999999999998,5.367388000678856e-215,0.9999999999999998,2.927523801994549e-16,0.9999999999999993,0.9999999999999998,1.0,0.9999999999999993,0.9999999999999998,1.0,2.3346424398626653e-235,8.429912717208845e-220,4.980012560771124e-214,0.03408166137298683,0.13137136134453842,0.8686286386554616
7374.90924369748,0.22581976196857897,0.7741802380314206,0.9999999999999996,1.051094644674868e-214,0.9999999999999996,2.57040583998655e-16,0.9999999999999994,0.9999999999999999,1.0,0.9999999999999994,0.9999999999999999,1.0,5.209105297634122e-235,1.925402015051814e-219,9.484376752760212e-214,0.021790756299143472,0.12178948739495987,0.8782105126050401
7371.216806722689,0.23189353637290305,0.7681064636270967,0.9999999999999999,9.225621862560941e-215,0.9999999999999999,2.746707459685762e-16,0.9999999999999993,1.0,1.0,0.9999999999999993,1.0,1.0,1.609255765875411e-235,4.2358131880921846e-219,7.780370437569936e-214,0.009499851225297059,0.112207613445379,0.887792386554621
7367.524369747899,0.21911966947387493,0.7808803305261249,0.9999999999999996,4.6007014112157765e-215,0.9999999999999996,3.7543534980449497e-16,0.9999999999999994,0.9999999999999998,1.0,0.9999999999999994,0.9999999999999998,1.0,1.2441644374237773e-236,1.205824197828362e-219,3.990560703669691e-214,0.005449502898730758,0.10904999999999998,0.89095
7363.83193277311,0.22540846368722936,0.7745915363127706,0.9999999999999998,1.2449341131336127e-214,0.9999999999999998,2.921914190565835e-16,0.9999999999999993,0.9999999999999999,1.0,0.9999999999999993,0.9999999999999999,1.0,9.197779196758939e-236,1.1991432690658159e-219,1.1371356886715397e-213,0.005449502898730758,0.10904999999999998,0.89095
7360.139495798319,0.240095484666594,0.7599045153334059,0.9999999999999998,2.0718356245361778e-214,0.9999999999999998,2.759730134566954e-16,0.9999999999999994,1.0,0.9999999999999999,0.9999999999999994,1.0,0.9999999999999999,4.640209558640509e-235,3.2612259201948737e-219,1.835310216090294e-213,0.005449502898730758,0.10904999999999998,0.89095
7356.44705882353,0.2460791965842728,0.7539208034157271,0.9999999999999996,1.711377038599131e-214,0.9999999999999996,2.8106376791184242e-16,0.9999999999999994,0.9999999999999998,0.9999999999999999,0.9999999999999994,0.9999999999999998,0.9999999999999999,1.1949129207519815e-234,8.163545462842946e-219,1.436112026212483e-213,0.005449502898730758,0.10904999999999998,0.89095
7352.75462184874,0.23608835016239657,0.7639116498376032,0.9999999999999996,1.1790487106170305e-214,0.9999999999999996,2.914220242146425e-16,0.9999999999999996,0.9999999999999998,0.9999999999999999,0.9999999999999996,0.9999999999999998,0.9999999999999999,1.0458654490616451e-234,6.135643333695191e-219,1.0570438475076304e-213,0.005449502898730758,0.10904999999999998,0.89095
7349.06218487395,0.2386440209765823,0.7613559790234176,0.9999999999999996,2.7173151297274427e-214,0.9999999999999996,3.064244016918571e-16,0.9999999999999993,0.9999999999999999,0.9999999999999999,0.9999999999999993,0.9999999999999999,0.9999999999999999,2.9188757420577117e-235,2.5695886416934176e-219,2.4959472770795288e-213,0.005449502898730758,0.10904999999999998,0.89095
7345.36974789916,0.2518629486493402,0.7481370513506594,0.9999999999999998,4.035135717298138e-214,0.9999999999999998,2.852089964741058e-16,0.9999999999999993,0.9999999999999999,0.9999999999999998,0.9999999999999993,0.9999999999999999,0.9999999999999998,1.845873426022879e-235,5.341407826564216e-219,3.5530363279586854e-213,0.005449502898730758,0.10904999999999998,0.89095
7341.67731092437,0.2622863733896418,0.737713626610358,0.9999999999999998,3.3503390278227506e-214,0.9999999999999998,3.054730581113936e-16,0.9999999999999993,0.9999999999999998,0.9999999999999998,0.9999999999999993,0.9999999999999998,0.9999999999999998,9.926332374454898e-235,2.460216999446998e-218,2.7774447362039178e-213,0.005449502898730758,0.10904999999999998,0.89095
7337.98487394958,0.2610140459319417,0.7389859540680581,0.9999999999999996,3.0336940695009656e-214,0.9999999999999996,2.6448158951477054e-16,0.9999999999999994,1.0,0.9999999999999997,0.9999999999999994,1.0,0.9999999999999997,3.288823466525503e-234,4.59177496326511e-218,2.683755451848277e-213,0.005449502898730759,0.11125806365099211,0.8887419363490079
7334.292436974791,0.2645659760156797,0.73543402398432,0.9999999999999996,6.215481556547978e-214,0.9999999999999996,3.248578438506127e-16,0.9999999999999994,0.9999999999999999,0.9999999999999996,0.9999999999999994,0.9999999999999999,0.9999999999999996,4.8556632980218314e-234,2.8570383880822467e-218,5.477453711620231e-213,0.005449502898730759,0.11530403182549553,0.8846959681745045
7330.6,0.2729669596222345,0.7270330403777651,0.9999999999999996,8.106389907621778e-214,0.9999999999999996,2.825808321345306e-16,0.9999999999999994,0.9999999999999999,0.9999999999999999,0.9999999999999994,0.9999999999999999,0.9999999999999999,3.3026232051919223e-234,3.449960808116589e-218,6.797145543591072e-213,0.005449502898730759,0.11934999999999996,0.88065
