地面累计时间_s,地面累计时间_min,环空顶替时间_s,环空顶替时间_min,地面施工阶段,鞋口出流流体,环空入口相,排量_m3_min
0.000,0.000,0.000,0.000,注入先导浆,钻井液,泥浆相,1.200000
3470.864,57.848,0.000,0.000,注入领浆,平衡液,泥浆相,1.200000
4870.864,81.181,0.000,0.000,注入中间浆,隔离液,泥浆相,1.200000
6140.648,102.344,0.000,0.000,替钻井液(快),领浆,泥浆相,1.600000
7123.240,118.721,0.000,0.000,替保护液,中间浆,泥浆相,1.400000
8254.792,137.580,0.000,0.000,井浆中替1,尾浆,泥浆相,1.200000
9128.965,152.149,0.000,0.000,井浆中替2,压塞液,泥浆相,1.000000
9248.965,154.149,0.000,0.000,井浆中替2,替钻井液,泥浆相,1.000000
11022.214,183.704,0.000,0.000,施工结束后保持,替钻井液,泥浆相,0.000000
