timestamp_utc,density_mass_g_cm3,pump_press_a_mpa,pump_press_b_mpa,pump_rate_all_m3_min,pump_total_all_m3,water_rate_m3_min
2025-08-14T01:08:41.453000,-0.001989,2.634386,0,0,4315.092,0.435722
2025-08-14T01:08:46.464000,-0.001989,2.641647,0,0,4315.092,0.504308
2025-08-14T01:08:51.562000,-0.00217,2.645115,0,0,4315.092,0.504308
2025-08-14T01:08:56.573000,-0.001989,2.651294,0,0,4315.092,0.504308
2025-08-14T01:09:01.670000,-0.00217,2.653736,0,0,4315.092,0.504308
2025-08-14T01:09:06.682000,-0.001989,2.653042,0,0,4315.092,0.504308
2025-08-14T01:09:11.779000,-0.00217,2.655324,0,0,4315.092,0.504308
2025-08-14T01:09:16.790000,-0.000181,2.660598,0,0,4315.092,0.37924
2025-08-14T01:09:21.888000,-0.001989,2.666639,0,0,4315.092,0
2025-08-14T01:09:26.899000,0.899703,2.672896,0,0,4315.092,0
2025-08-14T01:09:31.997000,1.034975,2.684776,0,0,4315.092,0
2025-08-14T01:09:37.008000,1.101526,2.680813,0,0,4315.092,0
2025-08-14T01:09:47.117000,1.22848,2.691575,0,0,4315.092,0
2025-08-14T01:09:52.214000,1.261574,2.689301,0,0,4315.092,0
2025-08-14T01:09:57.226000,1.318902,2.696102,0,0,4315.092,0
2025-08-14T01:10:02.237000,1.342773,2.691092,0,0,4315.092,0
2025-08-14T01:10:07.334000,1.382559,3.249853,0,0,4315.092,0
2025-08-14T01:10:12.346000,1.411314,3.895112,0,0,4315.092,0
2025-08-14T01:10:17.443000,1.442057,5.725095,0,0,4315.092,0
2025-08-14T01:10:22.454000,1.473163,6.833449,0,0,4315.092,0
2025-08-14T01:10:27.552000,1.500108,6.749461,0,0,4315.092,0
2025-08-14T01:10:32.563000,1.526331,6.759803,0,0,4315.092,0
2025-08-14T01:10:37.661000,1.55183,6.785848,0,0,4315.092,0
2025-08-14T01:10:42.672000,1.563585,6.854118,0,0,4315.092,0
2025-08-14T01:10:47.770000,1.584382,7.896289,0,0,4315.092,0.463963
2025-08-14T01:10:52.781000,1.582031,7.961255,0,0.48867,4315.124,0.375205
2025-08-14T01:10:57.878000,1.577691,9.189162,0,0.556332,4315.167,0.367136
2025-08-14T01:11:02.890000,1.57534,9.318767,0,0.556332,4315.213,0.367136
2025-08-14T01:11:07.987000,1.588361,9.288212,0,0.556332,4315.259,0.371171
2025-08-14T01:11:12.998000,1.595052,9.368285,0,0.556332,4315.306,0.367136
2025-08-14T01:11:18.096000,1.59252,9.415945,0,0.556332,4315.352,0.367136
2025-08-14T01:11:23.107000,1.596499,9.52874,0,0.578886,4315.399,0.359067
2025-08-14T01:11:28.205000,1.598307,9.515713,0,0.578886,4315.448,0.326792
2025-08-14T01:11:33.216000,1.596137,9.656812,0,0.578886,4315.506,0.326792
2025-08-14T01:11:38.314000,1.604275,9.583534,0,0.578886,4315.555,0.322757
2025-08-14T01:11:43.325000,1.603733,9.819565,0,0.578886,4315.604,0.326792
2025-08-14T01:11:48.422000,1.614041,9.870943,0,0.578886,4315.653,0.326792
2025-08-14T01:11:53.434000,1.611509,9.897743,0,0.578886,4315.702,0.326792
2025-08-14T01:11:58.531000,1.614222,10.00511,0,0.578886,4315.75,0.326792
2025-08-14T01:12:03.542000,1.613137,10.01215,0,0.578886,4315.799,0.326792
2025-08-14T01:12:08.640000,1.612232,9.322234,0,0.578886,4315.848,0.326792
2025-08-14T01:12:13.651000,1.608254,12.54038,0,0.857052,4315.892,0.334861
2025-08-14T01:12:18.749000,1.608615,12.8622,0,0.969822,4315.971,0.334861
2025-08-14T01:12:23.760000,1.597584,12.7309,0,0.969822,4316.051,0.334861
2025-08-14T01:12:28.858000,1.600116,9.717812,0,0.270648,4316.129,0.330826
2025-08-14T01:12:33.869000,1.589265,9.971943,0,0.578886,4316.164,0.330826
2025-08-14T01:12:38.966000,1.581308,10.15147,0,0.586404,4316.213,0.330826
2025-08-14T01:12:43.978000,1.592159,9.920932,0,0.56385,4316.262,0.330826
2025-08-14T01:12:49.075000,1.595775,9.885203,0,0.56385,4316.308,0.330826
2025-08-14T01:12:54.086000,1.597765,9.966874,0,0.56385,4316.354,0.330826
2025-08-14T01:12:59.184000,1.600116,9.866463,0,0.56385,4316.401,0.330826
2025-08-14T01:13:04.195000,1.605179,9.845983,0,0.56385,4316.457,0.286447
2025-08-14T01:13:09.293000,1.610966,9.932717,0,0.56385,4316.503,0.286447
2025-08-14T01:13:14.304000,1.617839,9.962996,0,0.56385,4316.549,0.286447
2025-08-14T01:13:19.402000,1.619105,9.936031,0,0.56385,4316.596,0.286447
2025-08-14T01:13:24.413000,1.623264,9.98479,0,0.56385,4316.642,0.286447
2025-08-14T01:13:29.510000,1.616934,9.980668,0,0.56385,4316.688,0.286447
2025-08-14T01:13:34.522000,1.615668,9.85167,0,0.56385,4316.735,0.286447
2025-08-14T01:13:39.619000,1.619466,9.751446,0,0.56385,4316.781,0.286447
2025-08-14T01:13:44.630000,1.613137,9.781279,0,0.56385,4316.828,0.286447
2025-08-14T01:13:49.728000,1.610062,9.69629,0,0.56385,4316.874,0.286447
2025-08-14T01:13:54.739000,1.605903,9.622236,0,0.56385,4316.92,0.286447
2025-08-14T01:13:59.837000,1.609158,9.611816,0,0.56385,4316.967,0.29855
2025-08-14T01:14:04.848000,1.610243,9.548198,0,0.56385,4317.013,0.302585
2025-08-14T01:14:09.946000,1.604275,9.508838,0,0.56385,4317.06,0.302585
2025-08-14T01:14:14.957000,1.596499,9.490118,0,0.56385,4317.106,0.302585
2025-08-14T01:14:20.054000,1.594148,9.404712,0,0.56385,4317.152,0.302585
2025-08-14T01:14:25.066000,1.590531,9.385239,0,0.56385,4317.199,0.302585
2025-08-14T01:14:30.163000,1.588361,9.33066,0,0.56385,4317.245,0.302585
2025-08-14T01:14:35.174000,1.589265,9.27483,0,0.56385,4317.292,0.302585
2025-08-14T01:14:40.272000,1.577148,9.232703,0,0.56385,4317.347,0.302585
2025-08-14T01:14:45.283000,1.577691,9.263512,0,0.56385,4317.394,0.302585
2025-08-14T01:14:50.381000,1.580765,9.208086,0,0.56385,4317.44,0.302585
2025-08-14T01:14:55.392000,1.584382,9.200349,0,0.56385,4317.486,0.302585
2025-08-14T01:15:00.490000,1.593786,9.254478,0,0.56385,4317.533,0.302585
2025-08-14T01:15:05.501000,1.595775,9.2507,0,0.56385,4317.579,0.302585
2025-08-14T01:15:10.598000,1.59668,9.253921,0,0.56385,4317.625,0.302585
2025-08-14T01:15:15.610000,1.59885,9.3151,0,0.56385,4317.672,0.302585
2025-08-14T01:15:20.707000,1.606807,9.333291,0,0.56385,4317.718,0.29855
2025-08-14T01:15:25.718000,1.606626,9.34207,0,0.56385,4317.765,0.302585
2025-08-14T01:15:30.816000,1.608254,9.407398,0,0.56385,4317.811,0.302585
2025-08-14T01:15:35.827000,1.611147,9.353306,0,0.56385,4317.857,0.302585
2025-08-14T01:15:45.936000,1.618562,9.465688,0,0.56385,4317.95,0.302585
2025-08-14T01:15:50.947000,1.613679,9.404907,0,0.56385,4317.997,0.302585
2025-08-14T01:15:56.045000,1.615668,9.431534,0,0.56385,4318.043,0.302585
2025-08-14T01:16:01.056000,1.619105,9.417583,0,0.56385,4318.089,0.302585
2025-08-14T01:16:06.154000,1.613317,9.3923,0,0.56385,4318.136,0.302585
2025-08-14T01:16:11.165000,1.605903,9.38406,0,0.56385,4318.182,0.302585
2025-08-14T01:16:16.262000,1.600297,9.338668,0,0.56385,4318.238,0.302585
2025-08-14T01:16:21.274000,1.59668,9.311235,0,0.56385,4318.284,0.302585
2025-08-14T01:16:26.371000,1.593786,9.277591,0,0.56385,4318.331,0.302585
2025-08-14T01:16:31.382000,1.586191,9.302208,0,0.56385,4318.377,0.302585
2025-08-14T01:16:36.480000,1.578595,9.304913,0,0.56385,4318.423,0.302585
2025-08-14T01:16:41.491000,1.57968,9.23313,0,0.56385,4318.47,0.302585
2025-08-14T01:16:46.589000,1.586914,9.272673,0,0.56385,4318.516,0.302585
2025-08-14T01:16:51.600000,1.586914,9.255054,0,0.56385,4318.563,0.302585
2025-08-14T01:16:56.698000,1.587095,9.311886,0,0.56385,4318.609,0.302585
2025-08-14T01:17:01.709000,1.589808,9.385757,0,0.56385,4318.655,0.302585
2025-08-14T01:17:06.806000,1.603371,9.365538,0,0.56385,4318.702,0.302585
2025-08-14T01:17:11.818000,1.60735,9.38829,0,0.56385,4318.748,0.302585
2025-08-14T01:17:16.915000,1.610062,9.423214,0,0.56385,4318.794,0.302585
2025-08-14T01:17:21.926000,1.610966,9.413171,0,0.56385,4318.841,0.302585
2025-08-14T01:17:27.024000,1.614945,9.47506,0,0.56385,4318.887,0.302585
2025-08-14T01:17:32.035000,1.612775,9.486187,0,0.56385,4318.934,0.302585
2025-08-14T01:17:37.133000,1.616392,9.509426,0,0.56385,4318.98,0.302585
2025-08-14T01:17:42.144000,1.617839,9.529617,0,0.56385,4319.026,0.302585
2025-08-14T01:17:47.242000,1.622902,9.54291,0,0.56385,4319.073,0.302585
2025-08-14T01:17:52.253000,1.623626,9.576773,0,0.56385,4319.128,0.302585
2025-08-14T01:17:57.350000,1.622721,9.571755,0,0.56385,4319.175,0.302585
2025-08-14T01:18:02.362000,1.623626,9.590372,0,0.56385,4319.221,0.302585
2025-08-14T01:18:07.459000,1.623083,9.585776,0,0.56385,4319.268,0.302585
2025-08-14T01:18:12.470000,1.623264,9.597278,0,0.56385,4319.314,0.302585
2025-08-14T01:18:17.568000,1.617839,9.671189,0,0.56385,4319.36,0.302585
2025-08-14T01:18:22.579000,1.62236,9.610466,0,0.56385,4319.407,0.302585
2025-08-14T01:18:27.677000,1.624168,9.560467,0,0.56385,4319.453,0.302585
2025-08-14T01:18:32.688000,1.628147,9.608227,0,0.56385,4319.5,0.302585
2025-08-14T01:18:37.786000,1.625615,9.590952,0,0.56385,4319.546,0.302585
2025-08-14T01:18:42.797000,1.628508,9.537901,0,0.56385,4319.592,0.302585
2025-08-14T01:18:47.894000,1.625615,9.599054,0,0.56385,4319.639,0.302585
2025-08-14T01:18:52.906000,1.623987,9.565264,0,0.56385,4319.685,0.302585
2025-08-14T01:18:58.003000,1.625615,9.514071,0,0.56385,4319.731,0.302585
2025-08-14T01:19:03.014000,1.628327,9.573704,0,0.56385,4319.778,0.302585
2025-08-14T01:19:08.112000,1.625434,9.522524,0,0.56385,4319.824,0.302585
2025-08-14T01:19:13.123000,1.62453,9.481793,0,0.56385,4319.871,0.302585
2025-08-14T01:19:18.221000,1.626519,9.537934,0,0.56385,4319.917,0.302585
2025-08-14T01:19:23.232000,1.625977,9.46598,0,0.56385,4319.963,0.29855
2025-08-14T01:19:28.330000,1.627604,9.473534,0,0.56385,4320.019,0.302585
2025-08-14T01:19:33.341000,1.625977,9.484515,0,0.56385,4320.065,0.302585
2025-08-14T01:19:38.438000,1.629232,9.499324,0,0.56385,4320.112,0.29855
2025-08-14T01:19:43.450000,1.628327,9.473148,0,0.56385,4320.158,0.302585
2025-08-14T01:19:48.547000,1.623626,9.462968,0,0.56385,4320.205,0.302585
2025-08-14T01:19:53.558000,1.630317,9.480683,0,0.56385,4320.251,0.302585
2025-08-14T01:19:58.656000,1.624168,9.426435,0,0.56385,4320.297,0.302585
2025-08-14T01:20:03.667000,1.630498,9.407496,0,0.56385,4320.344,0.302585
2025-08-14T01:20:08.765000,1.625615,9.425779,0,0.56385,4320.39,0.302585
2025-08-14T01:20:13.776000,1.623987,9.417562,0,0.56385,4320.437,0.302585
2025-08-14T01:20:18.874000,1.629955,9.416553,0,0.56385,4320.483,0.302585
2025-08-14T01:20:23.885000,1.634476,9.367723,0,0.56385,4320.529,0.302585
2025-08-14T01:20:28.982000,1.629955,9.383621,0,0.56385,4320.576,0.302585
2025-08-14T01:20:33.994000,1.630317,9.426771,0,0.56385,4320.622,0.302585
2025-08-14T01:20:39.091000,1.63104,9.424593,0,0.56385,4320.668,0.302585
2025-08-14T01:20:44.102000,1.640082,9.43525,0,0.56385,4320.715,0.302585
2025-08-14T01:20:49.200000,1.635742,9.500402,0,0.56385,4320.761,0.302585
2025-08-14T01:20:54.211000,1.636466,9.473882,0,0.56385,4320.808,0.302585
2025-08-14T01:20:59.309000,1.638274,9.504055,0,0.56385,4320.854,0.302585
2025-08-14T01:21:04.320000,1.640263,9.487009,0,0.56385,4320.91,0.302585
2025-08-14T01:21:09.418000,1.635019,9.481824,0,0.56385,4320.956,0.302585
2025-08-14T01:21:14.429000,1.633934,9.518731,0,0.56385,4321.002,0.302585
2025-08-14T01:21:19.526000,1.643699,9.528927,0,0.56385,4321.049,0.302585
2025-08-14T01:21:24.538000,1.644965,8.08327,0,0.56385,4321.095,0.302585
2025-08-14T01:21:29.635000,1.640987,8.105556,0,0.56385,4321.142,0.302585
2025-08-14T01:21:34.646000,1.642614,8.133217,0,0.56385,4321.188,0.302585
2025-08-14T01:21:39.658000,1.638636,8.192638,0,0.56385,4321.234,0.302585
2025-08-14T01:21:44.755000,1.645508,8.169334,0,0.56385,4321.281,0.302585
2025-08-14T01:21:49.766000,1.633934,8.161345,0,0.56385,4321.327,0.302585
2025-08-14T01:21:54.864000,1.631221,8.114429,0,0.56385,4321.374,0.302585
2025-08-14T01:21:59.875000,1.627785,8.076783,0,0.56385,4321.42,0.302585
2025-08-14T01:22:04.973000,1.622902,8.034426,0,0.56385,4321.466,0.302585
2025-08-14T01:22:09.984000,1.617839,7.964947,0,0.56385,4321.513,0.302585
2025-08-14T01:22:15.082000,1.621094,7.943997,0,0.56385,4321.559,0.302585
2025-08-14T01:22:25.190000,1.626338,7.978985,0,0.56385,4321.652,0.302585
2025-08-14T01:22:30.288000,1.626519,7.98597,0,0.56385,4321.698,0.302585
2025-08-14T01:22:35.299000,1.63104,8.061886,0,0.56385,4321.745,0.302585
2025-08-14T01:22:45.408000,1.637731,7.95872,0,0.56385,4321.847,0.302585
2025-08-14T01:22:55.517000,1.642072,9.14253,0,0.56385,4321.939,0.302585
2025-08-14T01:23:00.614000,1.648221,9.098129,0,0.56385,4321.986,0.302585
2025-08-14T01:23:05.626000,1.645508,9.066343,0,0.56385,4322.032,0.302585
2025-08-14T01:23:10.723000,1.638636,9.065468,0,0.56385,4322.079,0.302585
2025-08-14T01:23:15.734000,1.630498,8.983107,0,0.56385,4322.125,0.302585
2025-08-14T01:23:20.832000,1.624711,8.96306,0,0.56385,4322.171,0.302585
2025-08-14T01:23:25.843000,1.623987,8.920601,0,0.56385,4322.218,0.302585
2025-08-14T01:23:35.952000,1.614222,8.810925,0,0.56385,4322.311,0.302585
2025-08-14T01:23:40.963000,1.606807,8.789581,0,0.56385,4322.357,0.302585
2025-08-14T01:23:46.061000,1.604094,8.741725,0,0.56385,4322.403,0.302585
2025-08-14T01:23:51.072000,1.597765,8.712531,0,0.56385,4322.45,0.302585
2025-08-14T01:23:56.170000,1.597765,8.681664,0,0.56385,4322.496,0.302585
2025-08-14T01:24:01.181000,1.591074,8.652159,0,0.56385,4322.542,0.302585
2025-08-14T01:24:06.278000,1.585829,8.666401,0,0.56385,4322.589,0.302585
2025-08-14T01:24:11.290000,1.57968,8.614044,0,0.56385,4322.635,0.302585
2025-08-14T01:24:16.387000,1.577148,8.561475,0,0.56385,4322.691,0.302585
2025-08-14T01:24:21.398000,1.576244,8.480494,0,0.56385,4322.737,0.302585
2025-08-14T01:24:26.496000,1.581127,8.534374,0,0.56385,4322.784,0.302585
2025-08-14T01:24:31.507000,1.588542,8.509293,0,0.56385,4322.83,0.302585
2025-08-14T01:24:36.605000,1.59469,8.503755,0,0.56385,4322.876,0.302585
2025-08-14T01:24:41.616000,1.602828,8.606504,0,0.56385,4322.923,0.302585
2025-08-14T01:24:46.714000,1.601563,8.601139,0,0.56385,4322.969,0.302585
2025-08-14T01:24:51.725000,1.60753,8.639091,0,0.56385,4323.016,0.302585
2025-08-14T01:24:56.822000,1.607892,8.725657,0,0.56385,4323.062,0.302585
2025-08-14T01:25:01.834000,1.621998,8.709689,0,0.56385,4323.108,0.302585
2025-08-14T01:25:06.931000,1.614041,8.69072,0,0.56385,4323.155,0.302585
2025-08-14T01:25:11.942000,1.622902,8.728453,0,0.56385,4323.201,0.302585
2025-08-14T01:25:17.040000,1.627785,8.714088,0,0.56385,4323.248,0.302585
2025-08-14T01:25:22.051000,1.629051,8.79882,0,0.56385,4323.294,0.302585
2025-08-14T01:25:27.149000,1.628689,8.784854,0,0.56385,4323.34,0.302585
2025-08-14T01:25:32.160000,1.634838,8.77876,0,0.56385,4323.387,0.302585
2025-08-14T01:25:37.258000,1.630498,8.751396,0,0.56385,4323.433,0.302585
2025-08-14T01:25:42.269000,1.637551,8.777905,0,0.56385,4323.479,0.302585
2025-08-14T01:25:47.366000,1.635923,8.824001,0,0.56385,4323.535,0.302585
2025-08-14T01:25:52.378000,1.633753,8.807586,0,0.56385,4323.582,0.302585
2025-08-14T01:25:57.475000,1.627423,8.732042,0,0.56385,4323.628,0.302585
2025-08-14T01:26:02.486000,1.628327,8.696567,0,0.56385,4323.674,0.302585
2025-08-14T01:26:07.584000,1.622721,8.660637,0,0.56385,4323.721,0.302585
2025-08-14T01:26:12.595000,1.617839,8.677088,0,0.56385,4323.767,0.302585
2025-08-14T01:26:17.693000,1.616392,8.638589,0,0.56385,4323.813,0.302585
2025-08-14T01:26:22.704000,1.611509,8.606176,0,0.56385,4323.86,0.302585
2025-08-14T01:26:27.802000,1.608435,8.63511,0,0.56385,4323.906,0.302585
2025-08-14T01:26:32.813000,1.620913,8.579874,0,0.56385,4323.953,0.302585
2025-08-14T01:26:37.910000,1.620009,8.634883,0,0.56385,4323.999,0.302585
2025-08-14T01:26:42.922000,1.625434,8.695665,0,0.56385,4324.045,0.302585
2025-08-14T01:26:48.019000,1.630498,8.613705,0,0.56385,4324.092,0.302585
2025-08-14T01:26:53.030000,1.628689,8.659756,0,0.56385,4324.138,0.302585
2025-08-14T01:26:58.128000,1.634115,8.647001,0,0.56385,4324.185,0.302585
2025-08-14T01:27:03.139000,1.636646,8.593195,0,0.56385,4324.231,0.302585
2025-08-14T01:27:08.237000,1.635742,8.649746,0,0.56385,4324.277,0.302585
2025-08-14T01:27:13.248000,1.632306,8.700861,0,0.56385,4324.324,0.302585
2025-08-14T01:27:18.346000,1.627604,8.617497,0,0.56385,4324.37,0.302585
2025-08-14T01:27:23.357000,1.625977,8.594873,0,0.56385,4324.426,0.302585
2025-08-14T01:27:28.454000,1.614222,8.60397,0,0.56385,4324.472,0.302585
2025-08-14T01:27:33.466000,1.613137,8.556967,0,0.56385,4324.519,0.302585
2025-08-14T01:27:38.563000,1.612413,8.48707,0,0.56385,4324.565,0.302585
2025-08-14T01:27:43.574000,1.604637,8.526593,0,0.56385,4324.611,0.302585
2025-08-14T01:27:48.672000,1.600116,8.461885,0,0.56385,4324.658,0.302585
2025-08-14T01:27:53.683000,1.598488,8.410564,0,0.56385,4324.704,0.302585
2025-08-14T01:27:58.781000,1.597584,8.447009,0,0.56385,4324.75,0.302585
2025-08-14T01:28:03.792000,1.595233,8.44305,0,0.56385,4324.797,0.302585
2025-08-14T01:28:08.803000,1.593786,8.422611,0,0.56385,4324.843,0.302585
2025-08-14T01:28:13.901000,1.599573,8.460485,0,0.56385,4324.89,0.302585
2025-08-14T01:28:18.998000,1.60102,8.304434,0,0.56385,4324.936,0.302585
2025-08-14T01:28:24.010000,1.606084,8.388963,0,0.56385,4324.982,0.302585
2025-08-14T01:28:29.107000,1.605903,8.432211,0,0.56385,4325.029,0.302585
2025-08-14T01:28:34.118000,1.609701,8.421561,0,0.56385,4325.075,0.302585
2025-08-14T01:28:39.216000,1.611871,8.385451,0,0.56385,4325.122,0.302585
2025-08-14T01:28:44.227000,1.608254,8.416156,0,0.56385,4325.168,0.302585
2025-08-14T01:28:54.336000,1.602828,8.460522,0,0.56385,4325.261,0.302585
2025-08-14T01:28:59.434000,1.606626,8.440201,0,0.56385,4325.307,0.302585
2025-08-14T01:29:04.445000,1.610966,8.39538,0,0.56385,4325.363,0.302585
2025-08-14T01:29:09.456000,1.610062,8.402801,0,0.56385,4325.409,0.302585
2025-08-14T01:29:14.554000,1.609158,8.386836,0,0.56385,4325.456,0.302585
2025-08-14T01:29:19.565000,1.606807,8.358986,0,0.56385,4325.502,0.302585
2025-08-14T01:29:24.662000,1.611871,8.386362,0,0.56385,4325.548,0.302585
2025-08-14T01:29:29.674000,1.612051,8.418407,0,0.56385,4325.595,0.302585
2025-08-14T01:29:34.771000,1.610424,8.389457,0,0.56385,4325.641,0.302585
2025-08-14T01:29:39.782000,1.606626,8.348953,0,0.56385,4325.688,0.302585
2025-08-14T01:29:44.880000,1.609701,8.375335,0,0.56385,4325.734,0.302585
2025-08-14T01:29:49.891000,1.609701,8.356478,0,0.56385,4325.78,0.302585
2025-08-14T01:29:54.989000,1.612413,8.356343,0,0.56385,4325.827,0.302585
2025-08-14T01:30:00,1.607711,8.373957,0,0.56385,4325.873,0.302585
2025-08-14T01:30:05.098000,1.608615,8.349172,0,0.56385,4325.919,0.302585
2025-08-14T01:30:10.109000,1.608435,8.333676,0,0.56385,4325.966,0.318723
2025-08-14T01:30:15.206000,1.606445,8.362569,0,0.56385,4326.012,0.330826
2025-08-14T01:30:20.218000,1.611509,8.32399,0,0.56385,4326.059,0.330826
2025-08-14T01:30:25.315000,1.614041,8.357419,0,0.56385,4326.105,0.330826
2025-08-14T01:30:30.326000,1.615849,8.39821,0,0.56385,4326.151,0.330826
2025-08-14T01:30:35.424000,1.621998,8.396092,0,0.56385,4326.207,0.330826
2025-08-14T01:30:40.435000,1.62037,8.338604,0,0.56385,4326.253,0.330826
2025-08-14T01:30:45.533000,1.625072,8.430569,0,0.56385,4326.3,0.330826
2025-08-14T01:30:50.544000,1.629413,8.439672,0,0.56385,4326.346,0.330826
2025-08-14T01:30:55.642000,1.626881,8.417857,0,0.56385,4326.393,0.330826
2025-08-14T01:31:00.653000,1.626338,8.452029,0,0.56385,4326.439,0.330826
2025-08-14T01:31:05.750000,1.619285,8.446432,0,0.56385,4326.485,0.330826
2025-08-14T01:31:10.762000,1.625796,8.396207,0,0.56385,4326.532,0.330826
2025-08-14T01:31:15.859000,1.618743,8.388587,0,0.56385,4326.578,0.330826
2025-08-14T01:31:20.870000,1.616392,8.361966,0,0.56385,4326.625,0.330826
2025-08-14T01:31:25.968000,1.615488,8.31927,0,0.56385,4326.671,0.330826
2025-08-14T01:31:30.979000,1.613679,8.364286,0,0.56385,4326.717,0.330826
2025-08-14T01:31:36.077000,1.611871,8.344631,0,0.56385,4326.764,0.330826
2025-08-14T01:31:41.088000,1.609158,8.303587,0,0.56385,4326.81,0.330826
2025-08-14T01:31:46.186000,1.604094,8.338703,0,0.56385,4326.856,0.330826
2025-08-14T01:31:51.197000,1.604818,8.276005,0,0.56385,4326.903,0.330826
2025-08-14T01:31:56.294000,1.601563,8.279599,0,0.56385,4326.949,0.330826
2025-08-14T01:32:01.306000,1.600658,8.30411,0,0.56385,4326.996,0.330826
2025-08-14T01:32:06.403000,1.597946,8.24789,0,0.56385,4327.042,0.330826
2025-08-14T01:32:11.414000,1.60102,8.25848,0,0.56385,4327.098,0.330826
2025-08-14T01:32:16.512000,1.590712,8.236156,0,0.56385,4327.144,0.330826
2025-08-14T01:32:21.523000,1.590169,8.306879,0,0.56385,4327.19,0.330826
2025-08-14T01:32:26.621000,1.596499,7.102057,0,0.56385,4327.237,0.330826
2025-08-14T01:32:31.632000,1.594871,7.090513,0,0.56385,4327.283,0.330826
2025-08-14T01:32:36.730000,1.601563,7.171462,0,0.56385,4327.33,0.330826
2025-08-14T01:32:41.741000,1.605541,7.179843,0,0.56385,4327.376,0.330826
2025-08-14T01:32:46.838000,1.609158,7.216191,0,0.56385,4327.422,0.326792
2025-08-14T01:32:51.850000,1.612956,7.276277,0,0.56385,4327.469,0.330826
2025-08-14T01:32:56.947000,1.60952,7.278755,0,0.56385,4327.515,0.326792
2025-08-14T01:33:01.958000,1.617477,7.278405,0,0.56385,4327.562,0.330826
2025-08-14T01:33:07.056000,1.617477,7.289318,0,0.56385,4327.608,0.330826
2025-08-14T01:33:12.067000,1.624168,7.303658,0,0.56385,4327.654,0.330826
2025-08-14T01:33:17.165000,1.623626,7.278397,0,0.56385,4327.701,0.330826
2025-08-14T01:33:22.176000,1.627604,7.343176,0,0.56385,4327.747,0.330826
2025-08-14T01:33:27.274000,1.626338,7.337629,0,0.56385,4327.793,0.29855
2025-08-14T01:33:32.285000,1.629232,7.380774,0,0.56385,4327.84,0.310654
2025-08-14T01:33:37.382000,1.628689,7.295717,0,0.56385,4327.886,0.310654
2025-08-14T01:33:42.394000,1.6267,7.350439,0,0.56385,4327.933,0.310654
2025-08-14T01:33:47.491000,1.61603,7.327596,0,0.56385,4327.988,0.310654
2025-08-14T01:33:52.502000,1.615668,7.352816,0,0.56385,4328.035,0.310654
2025-08-14T01:33:57.600000,1.608435,7.257071,0,0.56385,4328.081,0.310654
2025-08-14T01:34:02.611000,1.602105,7.252646,0,0.56385,4328.127,0.310654
2025-08-14T01:34:07.709000,1.589627,7.15518,0,0.56385,4328.174,0.310654
2025-08-14T01:34:12.720000,1.587999,7.126202,0,0.56385,4328.22,0.310654
2025-08-14T01:34:17.818000,1.584744,7.131299,0,0.56385,4328.267,0.314688
2025-08-14T01:34:22.829000,1.577148,7.071052,0,0.56385,4328.313,0.310654
2025-08-14T01:34:27.926000,1.568106,7.017374,0,0.56385,4328.359,0.310654
2025-08-14T01:34:32.938000,1.574798,6.982069,0,0.56385,4328.406,0.310654
2025-08-14T01:34:38.035000,1.570276,6.995076,0,0.56385,4328.452,0.310654
2025-08-14T01:34:43.046000,1.577148,6.967582,0,0.56385,4328.499,0.310654
2025-08-14T01:34:48.144000,1.582212,7.033312,0,0.56385,4328.545,0.310654
2025-08-14T01:34:53.155000,1.579861,7.293526,0,0.56385,4328.591,0.310654
2025-08-14T01:34:58.253000,1.583116,7.761896,0,0.56385,4328.638,0.310654
2025-08-14T01:35:03.264000,1.590169,8.052038,0,0.56385,4328.684,0.310654
2025-08-14T01:35:08.275000,1.596499,7.944335,0,0.56385,4328.73,0.310654
2025-08-14T01:35:13.373000,1.604999,7.884385,0,0.56385,4328.777,0.310654
2025-08-14T01:35:18.384000,1.609158,7.969959,0,0.56385,4328.823,0.310654
2025-08-14T01:35:23.482000,1.618562,8.034611,0,0.56385,4328.879,0.310654
2025-08-14T01:35:28.493000,1.617477,8.024233,0,0.56385,4328.925,0.310654
2025-08-14T01:35:33.590000,1.616392,7.994857,0,0.56385,4328.972,0.310654
2025-08-14T01:35:38.602000,1.619105,8.041524,0,0.56385,4329.018,0.310654
2025-08-14T01:35:43.699000,1.623264,7.987157,0,0.56385,4329.064,0.310654
2025-08-14T01:35:48.710000,1.626519,7.953501,0,0.56385,4329.111,0.310654
2025-08-14T01:35:53.808000,1.628147,7.972351,0,0.56385,4329.157,0.310654
2025-08-14T01:35:58.819000,1.62236,7.865136,0,0.56385,4329.204,0.310654
2025-08-14T01:36:03.917000,1.622902,7.882059,0,0.56385,4329.25,0.310654
2025-08-14T01:36:08.928000,1.614222,6.059266,0,0.56385,4329.296,0.310654
2025-08-14T01:36:14.026000,1.615668,5.776657,0,0.56385,4329.343,0.310654
2025-08-14T01:36:19.037000,1.619105,5.818907,0,0.56385,4329.389,0.310654
2025-08-14T01:36:24.134000,1.612232,4.147515,0,0.56385,4329.436,0.310654
2025-08-14T01:36:29.146000,1.612956,3.808378,0,0.56385,4329.482,0.310654
2025-08-14T01:36:34.243000,1.609158,3.878162,0,0.56385,4329.528,0.310654
2025-08-14T01:36:39.254000,1.611509,3.940207,0,0.56385,4329.575,0.310654
2025-08-14T01:36:44.352000,1.602467,4.242424,0,0.56385,4329.621,0.310654
2025-08-14T01:36:49.363000,1.605903,5.740108,0,0.56385,4329.667,0.310654
2025-08-14T01:36:54.461000,1.60735,5.992863,0,0.56385,4329.714,0.310654
2025-08-14T01:36:59.472000,1.604818,7.965289,0,0.56385,4329.76,0.310654
2025-08-14T01:37:04.570000,1.60102,8.305548,0,0.56385,4329.816,0.310654
2025-08-14T01:37:09.581000,1.600658,8.316702,0,0.56385,4329.862,0.310654
2025-08-14T01:37:14.678000,1.599392,8.269734,0,0.56385,4329.909,0.310654
2025-08-14T01:37:19.690000,1.600297,8.200663,0,0.56385,4329.955,0.310654
2025-08-14T01:37:24.787000,1.596137,8.202229,0,0.56385,4330.001,0.310654
2025-08-14T01:37:29.798000,1.594329,8.157414,0,0.56385,4330.048,0.310654
2025-08-14T01:37:34.896000,1.596137,8.177731,0,0.56385,4330.094,0.310654
2025-08-14T01:37:39.907000,1.595595,8.190866,0,0.56385,4330.141,0.310654
2025-08-14T01:37:44.918000,1.588722,8.178478,0,0.56385,4330.187,0.310654
2025-08-14T01:37:50.016000,1.593063,8.144241,0,0.56385,4330.233,0.310654
2025-08-14T01:37:55.027000,1.588722,8.236641,0,0.56385,4330.28,0.310654
2025-08-14T01:38:00.125000,1.584744,8.111132,0,0.56385,4330.326,0.302585
2025-08-14T01:38:05.136000,1.585829,8.13151,0,0.56385,4330.373,0.302585
2025-08-14T01:38:10.234000,1.587095,8.116648,0,0.56385,4330.419,0.302585
2025-08-14T01:38:15.245000,1.586191,8.095781,0,0.56385,4330.465,0.302585
2025-08-14T01:38:20.342000,1.591978,8.177809,0,0.56385,4330.512,0.302585
2025-08-14T01:38:25.354000,1.589446,8.155294,0,0.56385,4330.558,0.302585
2025-08-14T01:38:30.451000,1.594148,8.102729,0,0.56385,4330.604,0.302585
2025-08-14T01:38:35.462000,1.598488,8.165472,0,0.56385,4330.66,0.302585
2025-08-14T01:38:40.560000,1.608435,8.319711,0,0.56385,4330.707,0.302585
2025-08-14T01:38:45.571000,1.609158,8.238098,0,0.56385,4330.753,0.302585
2025-08-14T01:38:50.669000,1.61603,8.32086,0,0.56385,4330.799,0.302585
2025-08-14T01:38:55.680000,1.611871,8.37776,0,0.56385,4330.846,0.302585
2025-08-14T01:39:00.778000,1.621998,8.397179,0,0.56385,4330.892,0.302585
2025-08-14T01:39:05.789000,1.623806,8.38073,0,0.56385,4330.938,0.302585
2025-08-14T01:39:10.886000,1.624168,8.454122,0,0.56385,4330.985,0.302585
2025-08-14T01:39:15.898000,1.616573,8.448185,0,0.56385,4331.031,0.302585
2025-08-14T01:39:20.995000,1.616573,8.445403,0,0.56385,4331.078,0.302585
2025-08-14T01:39:26.006000,1.619105,8.51582,0,0.56385,4331.124,0.302585
2025-08-14T01:39:31.104000,1.611147,8.406924,0,0.56385,4331.17,0.302585
2025-08-14T01:39:36.115000,1.611147,8.436939,0,0.56385,4331.217,0.302585
2025-08-14T01:39:41.213000,1.600477,8.397091,0,0.56385,4331.263,0.302585
2025-08-14T01:39:46.224000,1.60735,8.403392,0,0.56385,4331.31,0.302585
2025-08-14T01:39:51.322000,1.59668,8.365465,0,0.56385,4331.356,0.302585
2025-08-14T01:39:56.333000,1.598669,8.365216,0,0.56385,4331.402,0.29855
2025-08-14T01:40:01.430000,1.59469,8.311591,0,0.56385,4331.449,0.286447
2025-08-14T01:40:06.442000,1.593786,8.303938,0,0.56385,4331.495,0.286447
2025-08-14T01:40:11.539000,1.592882,8.292331,0,0.56385,4331.551,0.282413
2025-08-14T01:40:16.550000,1.591254,8.277576,0,0.56385,4331.597,0.282413
2025-08-14T01:40:21.648000,1.584201,8.223237,0,0.56385,4331.644,0.286447
2025-08-14T01:40:26.659000,1.581127,8.233168,0,0.56385,4331.69,0.286447
2025-08-14T01:40:31.757000,1.582212,8.265806,0,0.56385,4331.736,0.286447
2025-08-14T01:40:36.768000,1.57968,8.14677,0,0.56385,4331.783,0.286447
2025-08-14T01:40:41.866000,1.580404,8.213832,0,0.56385,4331.829,0.294516
2025-08-14T01:40:46.877000,1.574255,8.135801,0,0.56385,4331.875,0.290481
2025-08-14T01:40:51.974000,1.57534,8.116079,0,0.56385,4331.922,0.294516
2025-08-14T01:40:56.986000,1.574798,8.132082,0,0.56385,4331.968,0.294516
2025-08-14T01:41:02.083000,1.57968,8.131703,0,0.56385,4332.015,0.294516
2025-08-14T01:41:07.094000,1.588722,8.110948,0,0.56385,4332.061,0.29855
2025-08-14T01:41:12.192000,1.593424,8.200205,0,0.56385,4332.107,0.294516
2025-08-14T01:41:17.203000,1.602105,8.090028,0,0.56385,4332.154,0.294516
2025-08-14T01:41:22.301000,1.601201,8.147324,0,0.56385,4332.2,0.294516
2025-08-14T01:41:27.312000,1.615126,8.235268,0,0.56385,4332.247,0.294516
2025-08-14T01:41:32.410000,1.610605,8.191141,0,0.56385,4332.293,0.290481
2025-08-14T01:41:37.421000,1.621455,8.193727,0,0.56385,4332.339,0.294516
2025-08-14T01:41:42.518000,1.615668,8.222794,0,0.56385,4332.386,0.286447
2025-08-14T01:41:47.530000,1.625434,8.220821,0,0.56385,4332.441,0.286447
2025-08-14T01:41:52.627000,1.625796,8.169176,0,0.56385,4332.488,0.286447
2025-08-14T01:41:57.638000,1.636285,8.234474,0,0.56385,4332.534,0.286447
2025-08-14T01:42:02.736000,1.633029,8.213881,0,0.56385,4332.581,0.286447
2025-08-14T01:42:07.747000,1.635561,8.190443,0,0.56385,4332.627,0.286447
2025-08-14T01:42:12.845000,1.636827,8.130913,0,0.56385,4332.673,0.286447
2025-08-14T01:42:17.856000,1.641891,8.189173,0,0.56385,4332.72,0.282413
2025-08-14T01:42:22.954000,1.639902,8.166022,0,0.56385,4332.766,0.282413
2025-08-14T01:42:27.965000,1.635019,8.161979,0,0.56385,4332.813,0.282413
2025-08-14T01:42:33.062000,1.635742,8.05899,0,0.56385,4332.859,0.282413
2025-08-14T01:42:38.074000,1.638274,8.058787,0,0.56385,4332.905,0.282413
2025-08-14T01:42:43.171000,1.633753,8.069573,0,0.56385,4332.952,0.306619
2025-08-14T01:42:48.182000,1.627423,8.006637,0,0.56385,4332.998,0.322757
2025-08-14T01:42:53.280000,1.620009,7.974056,0,0.56385,4333.044,0.318723
2025-08-14T01:42:58.291000,1.615488,7.926293,0,0.56385,4333.091,0.318723
2025-08-14T01:43:03.302000,1.62453,7.871768,0,0.56385,4333.137,0.318723
2025-08-14T01:43:08.400000,1.617477,7.849575,0,0.56385,4333.184,0.318723
2025-08-14T01:43:13.411000,1.618743,7.90577,0,0.56385,4333.23,0.318723
2025-08-14T01:43:18.509000,1.620551,7.830436,0,0.56385,4333.276,0.314688
2025-08-14T01:43:23.520000,1.617477,7.813033,0,0.56385,4333.332,0.314688
2025-08-14T01:43:28.618000,1.61386,7.814761,0,0.56385,4333.378,0.314688
2025-08-14T01:43:33.629000,1.618743,7.828204,0,0.56385,4333.425,0.314688
2025-08-14T01:43:38.726000,1.617658,7.794151,0,0.56385,4333.471,0.314688
2025-08-14T01:43:43.738000,1.619105,7.826591,0,0.56385,4333.518,0.314688
2025-08-14T01:43:48.835000,1.622721,7.812375,0,0.56385,4333.564,0.314688
2025-08-14T01:43:53.846000,1.61386,7.769016,0,0.56385,4333.61,0.310654
2025-08-14T01:43:58.944000,1.621455,7.72038,0,0.56385,4333.657,0.310654
2025-08-14T01:44:03.955000,1.62037,7.752285,0,0.56385,4333.703,0.310654
2025-08-14T01:44:09.053000,1.617296,7.658218,0,0.56385,4333.75,0.310654
2025-08-14T01:44:14.064000,1.617477,7.772375,0,0.56385,4333.796,0.314688
2025-08-14T01:44:19.162000,1.623083,7.680463,0,0.56385,4333.842,0.306619
2025-08-14T01:44:24.173000,1.621455,7.694574,0,0.56385,4333.889,0.306619
2025-08-14T01:44:29.270000,1.618381,7.695387,0,0.56385,4333.935,0.306619
2025-08-14T01:44:34.282000,1.620913,7.687148,0,0.56385,4333.981,0.306619
2025-08-14T01:44:39.379000,1.620009,7.62969,0,0.56385,4334.028,0.306619
2025-08-14T01:44:44.390000,1.621455,7.725286,0,0.56385,4334.074,0.306619
2025-08-14T01:44:49.488000,1.623987,7.674098,0,0.56385,4334.121,0.306619
2025-08-14T01:44:54.499000,1.618562,7.717031,0,0.56385,4334.167,0.306619
2025-08-14T01:44:59.597000,1.62453,7.63079,0,0.56385,4334.223,0.306619
2025-08-14T01:45:04.608000,1.621998,7.742592,0,0.56385,4334.269,0.306619
2025-08-14T01:45:09.706000,1.62236,7.70193,0,0.56385,4334.315,0.306619
2025-08-14T01:45:14.717000,1.61603,7.692287,0,0.56385,4334.362,0.37924
2025-08-14T01:45:19.728000,1.6182,7.654901,0,0.56385,4334.408,0.346964
2025-08-14T01:45:24.826000,1.612051,7.668995,0,0.56385,4334.455,0.338895
2025-08-14T01:45:29.837000,1.600477,7.579392,0,0.56385,4334.501,0.338895
2025-08-14T01:45:34.934000,1.606626,7.618629,0,0.56385,4334.547,0.338895
2025-08-14T01:45:39.946000,1.603733,7.572721,0,0.56385,4334.594,0.338895
2025-08-14T01:45:45.043000,1.591978,7.587737,0,0.56385,4334.64,0.338895
2025-08-14T01:45:50.054000,1.589808,7.521235,0,0.56385,4334.687,0.338895
2025-08-14T01:45:55.152000,1.585106,7.540861,0,0.56385,4334.733,0.338895
2025-08-14T01:46:00.163000,1.58384,7.484986,0,0.56385,4334.779,0.338895
2025-08-14T01:46:05.261000,1.579861,7.486283,0,0.56385,4334.826,0.338895
2025-08-14T01:46:10.272000,1.581127,7.451373,0,0.56385,4334.872,0.338895
2025-08-14T01:46:15.370000,1.570276,7.492548,0,0.56385,4334.918,0.338895
2025-08-14T01:46:20.381000,1.578595,7.392037,0,0.56385,4334.965,0.338895
2025-08-14T01:46:25.478000,1.582212,7.403295,0,0.56385,4335.011,0.338895
2025-08-14T01:46:30.490000,1.587818,7.470491,0,0.56385,4335.058,0.338895
2025-08-14T01:46:35.587000,1.586191,7.443474,0,0.56385,4335.104,0.338895
2025-08-14T01:46:40.598000,1.593244,7.486742,0,0.56385,4335.16,0.338895
2025-08-14T01:46:45.696000,1.587818,7.515323,0,0.56385,4335.206,0.338895
2025-08-14T01:46:50.707000,1.595595,7.531262,0,0.56385,4335.252,0.338895
2025-08-14T01:46:55.805000,1.595233,7.500586,0,0.56385,4335.299,0.338895
2025-08-14T01:47:00.816000,1.601924,7.493334,0,0.56385,4335.345,0.338895
2025-08-14T01:47:05.914000,1.599573,7.533626,0,0.56385,4335.392,0.338895
2025-08-14T01:47:10.925000,1.604818,7.444372,0,0.56385,4335.438,0.338895
2025-08-14T01:47:16.022000,1.606807,7.541946,0,0.56385,4335.484,0.338895
2025-08-14T01:47:21.034000,1.605179,7.47529,0,0.56385,4335.531,0.338895
2025-08-14T01:47:26.131000,1.602286,7.427924,0,0.56385,4335.577,0.338895
2025-08-14T01:47:31.142000,1.597946,7.427597,0,0.56385,4335.624,0.338895
2025-08-14T01:47:36.240000,1.60735,7.468713,0,0.56385,4335.67,0.338895
2025-08-14T01:47:41.251000,1.60753,7.39375,0,0.56385,4335.716,0.338895
2025-08-14T01:47:46.349000,1.610966,7.468329,0,0.56385,4335.763,0.338895
2025-08-14T01:47:51.360000,1.608254,7.407783,0,0.56385,4335.809,0.338895
2025-08-14T01:47:56.458000,1.610605,7.403249,0,0.56385,4335.855,0.338895
2025-08-14T01:48:01.469000,1.614945,7.386781,0,0.56385,4335.902,0.338895
2025-08-14T01:48:06.566000,1.613317,7.39535,0,0.56385,4335.948,0.338895
2025-08-14T01:48:11.578000,1.616934,7.37977,0,0.56385,4335.995,0.338895
2025-08-14T01:48:16.675000,1.614764,7.373145,0,0.56385,4336.05,0.290481
2025-08-14T01:48:21.686000,1.618562,7.321884,0,0.56385,4336.097,0.286447
2025-08-14T01:48:26.784000,1.61386,7.239592,0,0.56385,4336.143,0.286447
2025-08-14T01:48:31.795000,1.6182,7.356343,0,0.56385,4336.189,0.282413
2025-08-14T01:48:36.893000,1.615488,7.361261,0,0.56385,4336.236,0.282413
2025-08-14T01:48:41.904000,1.619466,7.311018,0,0.56385,4336.282,0.286447
2025-08-14T01:48:47.002000,1.613137,7.291685,0,0.56385,4336.329,0.286447
2025-08-14T01:48:52.013000,1.614222,7.313154,0,0.56385,4336.375,0.282413
2025-08-14T01:48:57.110000,1.616573,7.237928,0,0.56385,4336.421,0.278378
2025-08-14T01:49:02.122000,1.617296,7.216892,0,0.56385,4336.468,0.278378
2025-08-14T01:49:07.219000,1.610605,7.242208,0,0.56385,4336.514,0.278378
2025-08-14T01:49:12.230000,1.612956,7.202383,0,0.56385,4336.561,0.278378
2025-08-14T01:49:17.328000,1.60952,7.20845,0,0.56385,4336.607,0.278378
2025-08-14T01:49:22.339000,1.610062,7.199219,0,0.56385,4336.653,0.278378
2025-08-14T01:49:27.437000,1.608254,7.145369,0,0.56385,4336.7,0.310654
2025-08-14T01:49:32.448000,1.605722,7.125399,0,0.56385,4336.746,0.310654
2025-08-14T01:49:37.546000,1.600297,7.092708,0,0.56385,4336.792,0.310654
2025-08-14T01:49:42.557000,1.605722,7.030828,0,0.56385,4336.839,0.310654
2025-08-14T01:49:47.654000,1.602467,7.015306,0,0.56385,4336.895,0.310654
2025-08-14T01:49:52.666000,1.599754,6.999035,0,0.56385,4336.941,0.310654
2025-08-14T01:49:57.677000,1.593967,6.98618,0,0.56385,4336.987,0.310654
2025-08-14T01:50:02.774000,1.594871,6.996613,0,0.56385,4337.034,0.310654
2025-08-14T01:50:07.786000,1.591074,6.94572,0,0.56385,4337.08,0.310654
2025-08-14T01:50:12.883000,1.592159,6.923886,0,0.56385,4337.126,0.310654
2025-08-14T01:50:17.894000,1.593244,6.880128,0,0.56385,4337.173,0.310654
2025-08-14T01:50:22.992000,1.584382,6.917124,0,0.56385,4337.219,0.310654
2025-08-14T01:50:33.101000,1.588542,6.844877,0,0.56385,4337.312,0.310654
2025-08-14T01:50:38.198000,1.591978,6.818662,0,0.56385,4337.358,0.310654
2025-08-14T01:50:43.210000,1.591254,6.82015,0,0.56385,4337.405,0.310654
2025-08-14T01:50:48.307000,1.594871,6.813572,0,0.56385,4337.451,0.310654
2025-08-14T01:50:53.318000,1.59668,6.856367,0,0.56385,4337.498,0.310654
2025-08-14T01:50:58.416000,1.608435,6.800374,0,0.56385,4337.544,0.310654
2025-08-14T01:51:03.427000,1.601924,6.818475,0,0.56385,4337.59,0.310654
2025-08-14T01:51:08.525000,1.60952,6.799002,0,0.56385,4337.637,0.310654
2025-08-14T01:51:13.536000,1.609158,6.805414,0,0.56385,4337.683,0.310654
2025-08-14T01:51:18.547000,1.615668,6.836341,0,0.56385,4337.729,0.310654
2025-08-14T01:51:23.645000,1.618743,6.812173,0,0.56385,4337.785,0.310654
2025-08-14T01:51:28.656000,1.61603,6.8269,0,0.56385,4337.832,0.310654
2025-08-14T01:51:33.754000,1.62019,6.81109,0,0.56385,4337.878,0.310654
2025-08-14T01:51:38.765000,1.626338,6.849788,0,0.56385,4337.924,0.310654
2025-08-14T01:51:43.862000,1.623626,6.781893,0,0.56385,4337.971,0.310654
2025-08-14T01:51:48.874000,1.625072,6.808772,0,0.56385,4338.017,0.310654
2025-08-14T01:51:53.971000,1.621275,6.816482,0,0.56385,4338.063,0.310654
2025-08-14T01:51:58.982000,1.622179,6.801851,0,0.56385,4338.11,0.310654
2025-08-14T01:52:04.080000,1.619647,6.74377,0,0.56385,4338.156,0.310654
2025-08-14T01:52:09.091000,1.62037,6.771912,0,0.56385,4338.203,0.310654
2025-08-14T01:52:14.189000,1.619105,6.725285,0,0.56385,4338.249,0.310654
2025-08-14T01:52:19.200000,1.613679,6.724992,0,0.56385,4338.295,0.310654
2025-08-14T01:52:24.298000,1.609701,6.768288,0,0.56385,4338.342,0.310654
2025-08-14T01:52:29.309000,1.614041,6.690985,0,0.56385,4338.388,0.310654
2025-08-14T01:52:34.406000,1.604094,6.663251,0,0.56385,4338.435,0.310654
2025-08-14T01:52:39.418000,1.59885,6.671238,0,0.56385,4338.481,0.310654
2025-08-14T01:52:44.515000,1.602105,6.597039,0,0.56385,4338.527,0.310654
2025-08-14T01:52:49.526000,1.609158,6.550526,0,0.56385,4338.574,0.310654
2025-08-14T01:52:54.624000,1.617477,6.664269,0,0.56385,4338.62,0.310654
2025-08-14T01:52:59.635000,1.623806,6.66352,0,0.56385,4338.676,0.310654
2025-08-14T01:53:04.733000,1.631221,6.660378,0,0.56385,4338.722,0.310654
2025-08-14T01:53:09.744000,1.637731,6.701204,0,0.56385,4338.769,0.310654
2025-08-14T01:53:14.842000,1.635561,6.712203,0,0.56385,4338.815,0.310654
2025-08-14T01:53:19.853000,1.644423,6.742977,0,0.56385,4338.861,0.310654
2025-08-14T01:53:24.950000,1.655454,6.749335,0,0.56385,4338.908,0.310654
2025-08-14T01:53:29.962000,1.652742,6.790854,0,0.56385,4338.954,0.310654
2025-08-14T01:53:35.059000,1.656178,6.809904,0,0.56385,4339,0.310654
2025-08-14T01:53:40.070000,1.655635,6.799735,0,0.56385,4339.047,0.310654
2025-08-14T01:53:45.168000,1.653465,6.774038,0,0.56385,4339.093,0.310654
2025-08-14T01:53:50.179000,1.648401,6.795679,0,0.56385,4339.14,0.310654
2025-08-14T01:53:55.277000,1.638455,6.699002,0,0.56385,4339.186,0.310654
2025-08-14T01:54:00.288000,1.631764,6.665496,0,0.56385,4339.232,0.310654
2025-08-14T01:54:05.386000,1.623987,6.609385,0,0.56385,4339.279,0.310654
2025-08-14T01:54:10.397000,1.62236,6.574818,0,0.56385,4339.325,0.310654
2025-08-14T01:54:15.494000,1.618743,6.492015,0,0.56385,4339.372,0.310654
2025-08-14T01:54:20.506000,1.616392,6.519529,0,0.56385,4339.418,0.310654
2025-08-14T01:54:25.603000,1.625615,6.462114,0,0.56385,4339.464,0.310654
2025-08-14T01:54:30.614000,1.626881,6.481641,0,0.56385,4339.511,0.310654
2025-08-14T01:54:35.712000,1.630317,6.496961,0,0.56385,4339.566,0.310654
2025-08-14T01:54:40.723000,1.635742,6.431129,0,0.56385,4339.613,0.310654
2025-08-14T01:54:45.821000,1.638636,6.475608,0,0.56385,4339.659,0.310654
2025-08-14T01:54:50.832000,1.634476,6.443997,0,0.56385,4339.706,0.310654
2025-08-14T01:54:55.930000,1.635019,6.466964,0,0.56385,4339.752,0.310654
2025-08-14T01:55:00.941000,1.634657,6.38906,0,0.56385,4339.798,0.310654
2025-08-14T01:55:06.038000,1.634115,6.450398,0,0.56385,4339.845,0.314688
2025-08-14T01:55:11.050000,1.635381,6.410046,0,0.56385,4339.891,0.310654
2025-08-14T01:55:16.147000,1.629955,6.330071,0,0.56385,4339.938,0.310654
2025-08-14T01:55:21.158000,1.629955,6.38415,0,0.56385,4339.984,0.310654
2025-08-14T01:55:26.256000,1.631221,6.306911,0,0.56385,4340.03,0.314688
2025-08-14T01:55:31.267000,1.634476,6.314078,0,0.56385,4340.077,0.310654
2025-08-14T01:55:36.365000,1.631402,4.971187,0,0.56385,4340.123,0.310654
2025-08-14T01:55:41.376000,1.632125,4.85963,0,0.56385,4340.169,0.310654
2025-08-14T01:55:46.474000,1.629593,4.937171,0,0.56385,4340.216,0.314688
2025-08-14T01:55:51.485000,1.627604,4.910609,0,0.56385,4340.262,0.310654
2025-08-14T01:55:56.582000,1.624711,4.949858,0,0.56385,4340.309,0.310654
2025-08-14T01:56:01.594000,1.628327,4.904891,0,0.56385,4340.355,0.310654
2025-08-14T01:56:06.691000,1.62037,4.835951,0,0.56385,4340.401,0.310654
2025-08-14T01:56:11.702000,1.621094,4.822063,0,0.56385,4340.457,0.314688
2025-08-14T01:56:16.800000,1.62037,4.766863,0,0.56385,4340.503,0.310654
2025-08-14T01:56:21.811000,1.614764,4.736656,0,0.56385,4340.55,0.310654
2025-08-14T01:56:26.909000,1.611328,4.736374,0,0.56385,4340.596,0.310654
2025-08-14T01:56:31.920000,1.608435,4.668298,0,0.56385,4340.643,0.310654
2025-08-14T01:56:37.018000,1.599754,4.654387,0,0.56385,4340.689,0.314688
2025-08-14T01:56:42.029000,1.605179,4.616826,0,0.56385,4340.735,0
2025-08-14T01:56:47.126000,1.605903,4.583673,0,0.56385,4340.782,0
2025-08-14T01:56:52.138000,1.622721,4.64189,0,0.56385,4340.828,0
2025-08-14T01:56:57.235000,1.639178,4.656147,0,0.56385,4340.875,0
2025-08-14T01:57:02.246000,1.645869,4.746933,0,0.56385,4340.921,0
2025-08-14T01:57:07.344000,1.644423,4.79831,0,0.56385,4340.967,0
2025-08-14T01:57:12.355000,1.649848,4.588649,0,0.56385,4341.014,0
2025-08-14T01:57:17.453000,1.648582,5.487544,0,0.56385,4341.06,0
2025-08-14T01:57:22.464000,1.652923,5.744637,0,0.56385,4341.106,0
2025-08-14T01:57:27.475000,1.651657,5.596994,0,0.56385,4341.153,0
2025-08-14T01:57:32.573000,1.653646,5.597343,0,0.56385,4341.199,0
2025-08-14T01:57:37.584000,1.653827,5.565666,0,0.56385,4341.246,0
2025-08-14T01:57:42.682000,1.654008,5.561736,0,0.56385,4341.292,0
2025-08-14T01:57:47.693000,1.653103,5.527694,0,0.56385,4341.348,0
2025-08-14T01:57:52.790000,1.654731,5.456564,0,0.56385,4341.394,0
2025-08-14T01:57:57.802000,1.717846,5.486195,0,0.56385,4341.44,0
2025-08-14T01:58:02.899000,1.625796,5.654433,0,0.56385,4341.487,0.238033
2025-08-14T01:58:07.910000,1.739366,6.157063,0,0.56385,4341.533,0.238033
2025-08-14T01:58:13.008000,1.72725,6.064264,0,0.56385,4341.58,0.088758
2025-08-14T01:58:18.019000,1.717665,5.86343,0,0.56385,4341.626,0
2025-08-14T01:58:23.117000,1.716399,5.785277,0,0.56385,4341.672,0
2025-08-14T01:58:28.128000,1.71441,5.702218,0,0.56385,4341.719,0
2025-08-14T01:58:33.226000,1.715314,5.663591,0,0.56385,4341.765,0
2025-08-14T01:58:38.237000,1.708623,5.597086,0,0.56385,4341.812,0
2025-08-14T01:58:43.334000,1.711697,5.557704,0,0.56385,4341.858,0
2025-08-14T01:58:48.346000,1.690719,5.573991,0,0.56385,4341.904,0
2025-08-14T01:58:53.443000,1.531395,5.45928,0,0.56385,4341.951,0
2025-08-14T01:58:58.454000,1.434824,5.103916,0,0.56385,4341.997,0
2025-08-14T01:59:03.552000,1.286892,5.195653,0,0.56385,4342.043,0
2025-08-14T01:59:08.563000,1.592159,5.134333,0,0.56385,4342.09,0
2025-08-14T01:59:13.661000,0.073785,2.100596,0,0,4342.129,0
2025-08-14T01:59:18.672000,0.031829,2.08317,0,0,4342.129,0.250137
2025-08-14T01:59:23.770000,0.028574,2.077406,0,0,4342.129,0.29855
2025-08-14T01:59:28.781000,0.028754,2.079977,0,0,4342.129,0.653583
2025-08-14T01:59:33.878000,0.025318,2.071112,0,0,4342.129,0.601135
2025-08-14T01:59:38.890000,0.022606,2.108803,0,0,4342.129,0.589032
2025-08-14T01:59:43.987000,0.020978,2.101949,0,0,4342.129,0.589032
2025-08-14T01:59:48.998000,0.019531,2.090405,0,0,4342.129,0.589032
2025-08-14T01:59:54.096000,0.018627,2.10287,0,0,4342.129,0.584997
2025-08-14T01:59:59.107000,0.018084,2.11372,0,0,4342.129,0.589032
2025-08-14T02:00:03.686000,0.017723,2.11421,0,0,4342.129,0.589032
2025-08-14T02:00:08.698000,0.01718,2.115903,0,0,4342.129,0.589032
2025-08-14T02:00:13.795000,0.016999,2.126881,0,0,4342.129,0.589032
2025-08-14T02:00:18.806000,0.016457,2.138522,0,0,4342.129,0.589032
2025-08-14T02:00:23.904000,0.016276,2.116183,0,0,4342.129,0.096827
2025-08-14T02:00:28.915000,0.735135,2.101384,0,0,4342.129,0
2025-08-14T02:00:34.013000,1.096101,2.114739,0,0,4342.129,0
2025-08-14T02:00:39.024000,1.121962,2.130615,0,0,4342.129,0
2025-08-14T02:00:44.122000,1.153067,2.110254,0,0,4342.129,0
2025-08-14T02:00:49.133000,1.159216,2.119843,0,0,4342.129,0
2025-08-14T02:00:54.230000,1.162833,2.111355,0,0,4342.129,0
2025-08-14T02:00:59.242000,1.167896,2.134505,0,0,4342.129,0
2025-08-14T02:01:04.339000,1.158131,2.131037,0,0,4342.129,0
2025-08-14T02:01:09.350000,1.163918,2.116471,0,0,4342.129,0
2025-08-14T02:01:14.448000,1.163014,2.127313,0,0,4342.129,0
2025-08-14T02:01:19.459000,1.159216,2.159181,0,0,4342.129,0
2025-08-14T02:01:24.557000,1.161024,2.153838,0,0,4342.129,0
2025-08-14T02:01:29.568000,1.156503,2.134274,0,0,4342.129,0
2025-08-14T02:01:34.666000,1.15361,2.151437,0,0,4342.129,0
2025-08-14T02:01:39.677000,1.152525,2.158345,0,0,4342.129,0
2025-08-14T02:01:44.774000,1.150355,2.153735,0,0,4342.129,0
2025-08-14T02:01:49.786000,1.151259,2.148035,0,0,4342.129,0
2025-08-14T02:01:54.883000,1.150716,2.148729,0,0,4342.129,0
2025-08-14T02:01:59.894000,1.144748,2.166754,0,0,4342.129,0
2025-08-14T02:02:04.992000,1.150355,2.138463,0,0,4342.129,0
2025-08-14T02:02:10.003000,1.148546,2.137413,0,0,4342.129,0
2025-08-14T02:02:15.101000,1.148908,2.117085,0,0,4342.129,0
2025-08-14T02:02:20.112000,1.141312,2.106542,0,0,4342.129,0
2025-08-14T02:02:25.210000,1.14077,2.105081,0,0,4342.129,0
2025-08-14T02:02:30.221000,1.136249,2.049048,0,0,4342.129,0
2025-08-14T02:02:35.318000,1.135887,2.020217,0,0,4342.129,0
2025-08-14T02:02:40.330000,1.138057,2.011411,0,0,4342.129,0
2025-08-14T02:02:45.427000,1.132993,1.968538,0,0,4342.129,0
2025-08-14T02:02:50.438000,1.134078,1.932072,0,0,4342.129,0
2025-08-14T02:02:55.536000,1.128472,1.899719,0,0,4342.129,0
2025-08-14T02:03:00.547000,1.128291,1.880728,0,0,4342.129,0
2025-08-14T02:03:05.645000,1.131185,1.883403,0,0,4342.129,0
2025-08-14T02:03:10.656000,1.126302,1.814972,0,0,4342.129,0
2025-08-14T02:03:15.754000,1.123589,1.795175,0,0,4342.129,0
2025-08-14T02:03:20.765000,1.11943,1.781008,0,0,4342.129,0
2025-08-14T02:03:25.862000,1.120153,1.816601,0,0,4342.129,0
2025-08-14T02:03:30.874000,1.120877,1.906748,0,0,4342.129,0
2025-08-14T02:03:35.971000,1.07241,1.921193,0,0,4342.129,0
2025-08-14T02:03:40.982000,1.070783,1.953987,0,0,4342.129,0
2025-08-14T02:03:46.080000,1.072049,1.961687,0,0,4342.129,0
2025-08-14T02:03:51.091000,1.071325,1.967357,0,0,4342.129,0
2025-08-14T02:03:56.189000,1.071506,1.944041,0,0,4342.129,0
2025-08-14T02:04:01.200000,1.071144,1.962262,0,0,4342.129,0
2025-08-14T02:04:06.298000,1.071325,1.925497,0,0,4342.129,0
2025-08-14T02:04:11.309000,1.069878,1.922438,0,0,4342.129,0
2025-08-14T02:04:16.406000,1.070602,1.918979,0,0,4342.129,0
2025-08-14T02:04:21.418000,1.068974,1.931165,0,0,4342.129,0
2025-08-14T02:04:26.515000,1.068793,1.610077,0,0,4342.129,0
2025-08-14T02:04:31.526000,1.069698,1.528225,0,0,4342.129,0
2025-08-14T02:04:36.624000,1.091218,0.498644,0,0,4342.129,0
2025-08-14T02:04:41.635000,1.128291,0.495487,0,0,4342.129,0
2025-08-14T02:04:46.733000,1.170247,0.364795,0,0,4342.129,0
2025-08-14T02:04:51.744000,1.216725,0.166024,0,0,4342.129,0
2025-08-14T02:04:56.842000,1.260127,0.099716,0,0,4342.129,0
2025-08-14T02:05:01.853000,1.310764,0.090727,0,0,4342.129,0
2025-08-14T02:05:06.950000,1.365379,0.080461,0,0,4342.129,0
2025-08-14T02:05:11.962000,1.417462,0.083339,0,0,4342.129,0
2025-08-14T02:05:17.059000,1.465025,0.077316,0,0,4342.129,0
2025-08-14T02:05:22.070000,1.510236,0.08443,0,0,4342.129,0
2025-08-14T02:05:27.168000,1.555447,0.082164,0,0,4342.129,0
2025-08-14T02:05:32.179000,1.604818,0.08229,0,0,4342.129,0
2025-08-14T02:05:37.277000,1.64804,0.087259,0,0,4342.129,0
2025-08-14T02:05:42.288000,1.684751,0.086116,0,0,4342.129,0
2025-08-14T02:05:47.386000,1.71441,0.085592,0,0,4342.129,0
2025-08-14T02:05:52.397000,1.744972,0.083926,0,0,4342.129,0
2025-08-14T02:05:57.494000,1.768663,0.077064,0,0,4342.129,0
2025-08-14T02:06:02.506000,1.792896,0.080394,0,0,4342.129,0
2025-08-14T02:06:07.603000,1.815321,0.081534,0,0,4342.129,0
2025-08-14T02:06:12.614000,1.838469,0.087261,0,0,4342.129,0
2025-08-14T02:06:17.712000,1.859086,0.078239,0,0,4342.129,0
2025-08-14T02:06:22.723000,1.873734,0.96752,0,0,4342.129,0.589032
2025-08-14T02:06:27.821000,1.870479,4.386403,0,0.984858,4342.16,0.597101
2025-08-14T02:06:32.832000,1.845161,4.404817,0,1.01493,4342.245,0.601135
2025-08-14T02:06:37.930000,1.828342,4.207677,0,1.01493,4342.331,0.455894
2025-08-14T02:06:42.941000,1.822012,4.087839,0,1.01493,4342.416,0.455894
2025-08-14T02:06:48.038000,1.83214,4.121925,0,1.01493,4342.501,0.455894
2025-08-14T02:06:53.050000,1.83431,4.185137,0,1.01493,4342.587,0.455894
2025-08-14T02:06:58.061000,1.834491,4.180191,0,1.01493,4342.672,0.455894
2025-08-14T02:07:03.158000,1.839916,4.195897,0,1.01493,4342.758,0.455894
2025-08-14T02:07:08.170000,1.851852,4.309859,0,1.01493,4342.843,0.455894
2025-08-14T02:07:13.267000,1.858905,4.356427,0,1.01493,4342.929,0.455894
2025-08-14T02:07:18.278000,1.86433,4.504793,0,1.01493,4343.031,0.455894
2025-08-14T02:07:23.376000,1.871926,4.528673,0,1.01493,4343.117,0.455894
2025-08-14T02:07:28.387000,1.880606,4.604063,0,1.01493,4343.202,0.504308
2025-08-14T02:07:33.485000,1.89001,4.729761,0,1.01493,4343.288,0.504308
2025-08-14T02:07:38.496000,1.895255,4.766903,0,1.01493,4343.373,0.492205
2025-08-14T02:07:43.594000,1.901222,4.827892,0,1.01493,4343.458,0.492205
2025-08-14T02:07:48.605000,1.908999,4.967739,0,1.01493,4343.544,0.492205
2025-08-14T02:07:53.702000,1.913882,5.060671,0,1.01493,4343.629,0.512377
2025-08-14T02:07:58.714000,1.917499,5.088171,0,1.01493,4343.715,0.532549
2025-08-14T02:08:03.811000,1.916594,5.128665,0,1.01493,4343.8,0.532549
2025-08-14T02:08:08.822000,1.917499,5.080812,0,1.01493,4343.886,0.532549
2025-08-14T02:08:13.920000,1.91352,5.043534,0,1.01493,4343.971,0.532549
2025-08-14T02:08:18.931000,1.898148,4.947361,0,1.01493,4344.057,0.532549
2025-08-14T02:08:24.029000,1.885308,4.79774,0,1.01493,4344.142,0.532549
2025-08-14T02:08:29.040000,1.874638,4.641341,0,1.01493,4344.228,0.532549
2025-08-14T02:08:34.138000,1.862341,4.550714,0,1.01493,4344.313,0.589032
2025-08-14T02:08:39.149000,1.851852,4.439598,0,1.01493,4344.398,0.60517
2025-08-14T02:08:44.246000,1.848235,4.316023,0,1.01493,4344.484,0.593066
2025-08-14T02:08:49.258000,1.845703,4.31781,0,1.01493,4344.569,0.580963
2025-08-14T02:08:54.355000,1.847331,4.30765,0,1.01493,4344.672,0.580963
2025-08-14T02:08:59.366000,1.848778,4.32699,0,1.01493,4344.757,0.580963
2025-08-14T02:09:04.464000,1.855288,4.378928,0,1.01493,4344.843,0.580963
2025-08-14T02:09:09.475000,1.855469,4.372828,0,1.01493,4344.928,0.580963
2025-08-14T02:09:14.573000,1.85565,4.403109,0,1.01493,4345.014,0.580963
2025-08-14T02:09:19.584000,1.852575,4.400271,0,1.01493,4345.099,0.556756
2025-08-14T02:09:24.682000,1.850224,4.341079,0,1.01493,4345.185,0.504308
2025-08-14T02:09:29.693000,1.844437,4.325052,0,1.01493,4345.27,0.504308
2025-08-14T02:09:34.790000,1.84715,4.307341,0,1.01493,4345.355,0.504308
2025-08-14T02:09:39.802000,1.858362,4.346186,0,1.01493,4345.441,0.504308
2025-08-14T02:09:44.899000,1.863788,4.409776,0,1.01493,4345.526,0.504308
2025-08-14T02:09:49.910000,1.873372,4.518699,0,1.01493,4345.612,0.504308
2025-08-14T02:09:55.008000,1.879521,4.52636,0,1.01493,4345.697,0.504308
2025-08-14T02:10:00.019000,1.879521,4.621764,0,1.01493,4345.783,0.504308
2025-08-14T02:10:10.128000,1.871745,4.510509,0,1.01493,4345.954,0.520446
2025-08-14T02:10:15.139000,1.875181,4.546891,0,1.01493,4346.039,0.580963
2025-08-14T02:10:20.237000,1.875543,4.587704,0,1.01493,4346.125,0.568859
2025-08-14T02:10:25.248000,1.878617,4.54171,0,1.01493,4346.21,0.572894
2025-08-14T02:10:30.346000,1.880787,6.987319,0,1.247988,4346.31,0.572894
2025-08-14T02:10:35.357000,1.884585,7.05914,0,1.323168,4346.418,0.653583
2025-08-14T02:10:40.454000,1.876808,7.008425,0,1.330686,4346.528,0.661652
2025-08-14T02:10:45.466000,1.859086,6.864377,0,1.330686,4346.638,0.710066
2025-08-14T02:10:50.563000,1.844437,6.533263,0,1.330686,4346.748,0.710066
2025-08-14T02:10:55.574000,1.83431,6.33606,0,1.330686,4346.858,0.710066
2025-08-14T02:11:00.672000,1.823821,6.245619,0,1.330686,4346.968,0.710066
2025-08-14T02:11:05.683000,1.820023,6.139267,0,1.330686,4347.078,0.710066
2025-08-14T02:11:10.781000,1.811704,2.165636,0,1.045002,4347.188,0.597101
2025-08-14T02:11:15.792000,1.814055,4.244187,0,0.992376,4347.257,0.580963
2025-08-14T02:11:20.890000,1.817672,4.323625,0,1.045002,4347.344,0.568859
2025-08-14T02:11:25.901000,1.832682,4.397311,0,1.045002,4347.432,0.548687
2025-08-14T02:11:30.998000,1.839735,4.479384,0,1.045002,4347.52,0.544653
2025-08-14T02:11:36.010000,1.846969,4.553327,0,1.045002,4347.607,0.544653
2025-08-14T02:11:41.107000,1.844437,4.589846,0,1.045002,4347.695,0.544653
2025-08-14T02:11:46.118000,1.848778,4.5927,0,1.045002,4347.783,0.544653
2025-08-14T02:11:51.216000,1.852937,4.638707,0,1.045002,4347.871,0.544653
2025-08-14T02:11:56.227000,1.857096,4.710854,0,1.045002,4347.959,0.544653
2025-08-14T02:12:01.325000,1.864692,4.72187,0,1.045002,4348.047,0.544653
2025-08-14T02:12:06.336000,1.873553,4.786503,0,1.045002,4348.152,0.544653
2025-08-14T02:12:11.434000,1.877351,4.83395,0,1.045002,4348.24,0.544653
2025-08-14T02:12:16.445000,1.882596,4.917741,0,1.045002,4348.328,0.544653
2025-08-14T02:12:21.542000,1.89001,4.940012,0,1.045002,4348.416,0.544653
2025-08-14T02:12:26.554000,1.890372,5.007672,0,1.045002,4348.504,0.544653
2025-08-14T02:12:31.651000,1.880787,4.957154,0,1.045002,4348.592,0.544653
2025-08-14T02:12:36.662000,1.880968,4.889608,0,1.045002,4348.68,0.544653
2025-08-14T02:12:41.760000,1.879702,4.874356,0,1.045002,4348.768,0.544653
2025-08-14T02:12:46.771000,1.879883,4.865164,0,1.045002,4348.855,0.544653
2025-08-14T02:12:51.869000,1.883681,4.902615,0,1.045002,4348.943,0.544653
2025-08-14T02:12:56.880000,1.875904,4.864185,0,1.045002,4349.031,0.544653
2025-08-14T02:13:01.978000,1.871021,4.818771,0,1.045002,4349.119,0.544653
2025-08-14T02:13:06.989000,1.87066,4.818712,0,1.045002,4349.207,0.544653
2025-08-14T02:13:12.086000,1.875543,4.811795,0,1.045002,4349.295,0.544653
2025-08-14T02:13:17.098000,1.873372,4.799007,0,1.045002,4349.383,0.480101
2025-08-14T02:13:22.195000,1.875181,4.827271,0,1.045002,4349.471,0.544653
2025-08-14T02:13:27.206000,1.880606,4.912259,0,1.045002,4349.559,0.584997
2025-08-14T02:13:32.304000,1.87283,4.877388,0,1.045002,4349.646,0.584997
2025-08-14T02:13:37.315000,1.876447,4.85392,0,1.045002,4349.734,0.584997
2025-08-14T02:13:42.413000,1.879702,4.865242,0,1.045002,4349.84,0.597101
2025-08-14T02:13:47.424000,1.875904,4.883933,0,1.045002,4349.928,0.597101
2025-08-14T02:13:52.522000,1.880787,4.879526,0,1.045002,4350.016,0.593066
2025-08-14T02:13:57.533000,1.876447,4.889102,0,1.045002,4350.104,0.593066
2025-08-14T02:14:02.630000,1.877351,4.885983,0,1.045002,4350.191,0.593066
2025-08-14T02:14:07.642000,1.873372,4.86788,0,1.045002,4350.279,0.593066
2025-08-14T02:14:12.739000,1.874277,4.838632,0,1.045002,4350.367,0.536584
2025-08-14T02:14:17.750000,1.878255,4.838608,0,1.045002,4350.455,0.52448
2025-08-14T02:14:22.848000,1.884223,4.932286,0,1.045002,4350.543,0.52448
2025-08-14T02:14:27.859000,1.89218,4.983066,0,1.045002,4350.631,0.52448
2025-08-14T02:14:32.957000,1.896882,5.061328,0,1.045002,4350.719,0.52448
2025-08-14T02:14:37.968000,1.89634,5.079989,0,1.045002,4350.807,0.52448
2025-08-14T02:14:43.066000,1.897063,5.06469,0,1.045002,4350.895,0.52448
2025-08-14T02:14:48.077000,1.886936,5.001223,0,1.045002,4350.982,0.52448
2025-08-14T02:14:53.174000,1.882596,4.959988,0,1.045002,4351.07,0.52448
2025-08-14T02:14:58.186000,1.8835,4.939421,0,1.045002,4351.158,0.52448
2025-08-14T02:15:03.283000,1.876085,4.860758,0,1.045002,4351.246,0.512377
2025-08-14T02:15:08.294000,1.867224,1.483021,0,0.894642,4351.334,0.516411
2025-08-14T02:15:13.392000,1.850043,1.582098,0,0.496188,4351.383,0.512377
2025-08-14T02:15:18.403000,1.838108,1.550877,0,0.503706,4351.433,0.508343
2025-08-14T02:15:23.501000,1.827076,1.476893,0,0.503706,4351.475,0.391343
2025-08-14T02:15:28.512000,1.821651,1.459372,0,0.503706,4351.516,0.322757
2025-08-14T02:15:33.610000,1.819842,1.562238,0,0.541296,4351.559,0.314688
2025-08-14T02:15:38.621000,1.831778,1.54799,0,0.541296,4351.603,0.318723
2025-08-14T02:15:43.718000,1.835576,1.568478,0,0.541296,4351.646,0.318723
2025-08-14T02:15:48.730000,1.839012,1.595642,0,0.541296,4351.69,0.314688
2025-08-14T02:15:53.827000,1.844437,1.607544,0,0.541296,4351.734,0.318723
2025-08-14T02:15:58.838000,1.826353,1.610222,0,0.541296,4351.778,0.318723
2025-08-14T02:16:03.936000,1.84281,1.6002,0,0.541296,4351.822,0.318723
2025-08-14T02:16:08.947000,1.855288,1.593364,0,0.541296,4351.866,0.314688
2025-08-14T02:16:14.045000,1.873372,4.06764,0,0.894642,4351.91,0.318723
2025-08-14T02:16:19.056000,1.894531,4.430587,0,0.97734,4351.989,0.318723
2025-08-14T02:16:24.154000,1.899957,4.806575,0,1.01493,4352.072,0.314688
2025-08-14T02:16:29.165000,1.893989,4.844137,0,1.01493,4352.157,0.508343
2025-08-14T02:16:34.262000,1.886755,4.83346,0,1.01493,4352.243,0.508343
2025-08-14T02:16:39.274000,1.877713,4.680871,0,1.01493,4352.328,0.508343
2025-08-14T02:16:44.285000,1.874096,4.56548,0,1.01493,4352.414,0.508343
2025-08-14T02:16:49.382000,1.888021,4.579394,0,1.01493,4352.516,0.508343
2025-08-14T02:16:54.394000,1.891638,4.67148,0,1.01493,4352.602,0.508343
2025-08-14T02:16:59.491000,1.897786,4.783825,0,1.01493,4352.687,0.508343
2025-08-14T02:17:04.502000,1.892361,4.801136,0,1.01493,4352.772,0.508343
2025-08-14T02:17:09.600000,1.884946,4.802852,0,1.01493,4352.858,0.508343
2025-08-14T02:17:14.611000,1.884946,4.76151,0,1.01493,4352.943,0.508343
2025-08-14T02:17:19.709000,1.874277,4.641416,0,1.01493,4353.029,0.496239
2025-08-14T02:17:24.720000,1.867947,4.52807,0,1.01493,4353.114,0.496239
2025-08-14T02:17:29.818000,1.870117,4.475011,0,1.01493,4353.2,0.496239
2025-08-14T02:17:34.829000,1.871383,4.52449,0,1.01493,4353.285,0.496239
2025-08-14T02:17:39.926000,1.881872,4.596073,0,1.01493,4353.371,0.48817
2025-08-14T02:17:44.938000,1.885489,4.624647,0,1.01493,4353.456,0.48817
2025-08-14T02:17:50.035000,1.892723,4.710536,0,1.01493,4353.542,0.48817
2025-08-14T02:17:55.046000,1.901584,4.840796,0,1.01493,4353.627,0.48817
2025-08-14T02:18:00.144000,1.897606,4.912217,0,1.01493,4353.712,0.48817
2025-08-14T02:18:05.155000,1.908095,4.957475,0,1.01493,4353.798,0.48817
2025-08-14T02:18:10.253000,1.908637,5.007464,0,1.01493,4353.883,0.48817
2025-08-14T02:18:15.264000,1.910265,5.027057,0,1.01493,4353.969,0.48817
2025-08-14T02:18:20.362000,1.920392,5.097558,0,1.01493,4354.054,0.48817
2025-08-14T02:18:25.373000,1.917499,5.159347,0,1.01493,4354.14,0.48817
2025-08-14T02:18:30.470000,1.908999,5.295879,0,1.01493,4354.242,0.48817
2025-08-14T02:18:35.482000,1.915328,5.31779,0,1.01493,4354.328,0.48817
2025-08-14T02:18:40.579000,1.91135,5.201195,0,1.01493,4354.413,0.48817
2025-08-14T02:18:45.590000,1.908095,5.063026,0,1.01493,4354.499,0.48817
2025-08-14T02:18:50.688000,1.906648,4.950022,0,1.01493,4354.584,0.48817
2025-08-14T02:18:55.699000,1.902308,4.862589,0,1.01493,4354.669,0.48817
2025-08-14T02:19:00.797000,1.895435,4.811953,0,1.01493,4354.755,0.48817
2025-08-14T02:19:05.808000,1.893085,4.751352,0,1.01493,4354.84,0.48817
2025-08-14T02:19:10.906000,1.879883,4.66005,0,1.01493,4354.926,0.48817
2025-08-14T02:19:15.917000,1.878255,4.650497,0,1.01493,4355.011,0.48817
2025-08-14T02:19:21.014000,1.871383,4.595664,0,1.01493,4355.097,0.48817
2025-08-14T02:19:26.026000,1.87066,4.526131,0,1.01493,4355.182,0.48817
2025-08-14T02:19:31.123000,1.865415,4.470316,0,1.01493,4355.266,0.48817
2025-08-14T02:19:36.134000,1.865234,4.438437,0,1.01493,4355.352,0.48817
2025-08-14T02:19:41.232000,1.88151,4.506799,0,1.01493,4355.437,0.48817
2025-08-14T02:19:46.243000,1.889106,4.611391,0,1.01493,4355.522,0.48817
2025-08-14T02:19:51.341000,1.891638,4.72367,0,1.01493,4355.608,0.480101
2025-08-14T02:19:56.352000,1.905924,4.818706,0,1.01493,4355.693,0.516411
2025-08-14T02:20:01.450000,1.915871,5.020445,0,1.01493,4355.779,0.552722
2025-08-14T02:20:06.461000,1.91786,5.117398,0,1.01493,4355.881,0.552722
2025-08-14T02:20:16.570000,1.916233,5.121987,0,1.01493,4356.052,0.552722
2025-08-14T02:20:21.667000,1.912254,5.049411,0,1.01493,4356.138,0.597101
2025-08-14T02:20:26.678000,1.891819,4.913218,0,1.01493,4356.223,0.593066
2025-08-14T02:20:31.776000,1.884585,4.788297,0,1.01493,4356.309,0.593066
2025-08-14T02:20:36.787000,1.885489,4.728128,0,1.01493,4356.394,0.597101
2025-08-14T02:20:41.885000,1.880425,4.666719,0,1.01493,4356.479,0.568859
2025-08-14T02:20:46.896000,1.873553,4.61887,0,1.01493,4356.565,0.568859
2025-08-14T02:20:51.994000,1.873734,4.560963,0,1.01493,4356.65,0.568859
2025-08-14T02:20:57.005000,1.874638,4.536138,0,1.01493,4356.736,0.564825
2025-08-14T02:21:02.102000,1.874638,4.522534,0,1.01493,4356.821,0.564825
2025-08-14T02:21:07.114000,1.869575,4.512772,0,1.01493,4356.907,0.544653
2025-08-14T02:21:12.211000,1.874638,4.530759,0,1.01493,4356.992,0.544653
2025-08-14T02:21:17.222000,1.876447,4.55333,0,1.01493,4357.078,0.544653
2025-08-14T02:21:22.320000,1.886032,4.601758,0,1.01493,4357.163,0.532549
2025-08-14T02:21:27.331000,1.882415,4.683739,0,1.01493,4357.249,0.520446
2025-08-14T02:21:32.429000,1.893989,4.791188,0,1.01493,4357.334,0.520446
2025-08-14T02:21:37.440000,1.899052,4.874612,0,1.01493,4357.437,0.516411
2025-08-14T02:21:42.538000,1.912616,4.990979,0,1.01493,4357.522,0.512377
2025-08-14T02:21:47.549000,1.911712,5.068382,0,1.01493,4357.607,0.512377
2025-08-14T02:21:52.646000,1.906829,5.056139,0,1.01493,4357.693,0.508343
2025-08-14T02:21:57.658000,1.910265,5.03415,0,1.01493,4357.778,0.508343
2025-08-14T02:22:07.766000,1.900861,5.02515,0,1.01493,4357.949,0.508343
2025-08-14T02:22:17.875000,1.891457,4.982578,0,1.01493,4358.12,0.508343
2025-08-14T02:22:22.886000,1.904478,4.955019,0,1.01493,4358.206,0.508343
2025-08-14T02:22:27.984000,1.901403,4.962106,0,1.01493,4358.291,0.508343
2025-08-14T02:22:32.995000,1.903574,4.955633,0,1.01493,4358.376,0.512377
2025-08-14T02:22:38.093000,1.888202,4.918002,0,1.01493,4358.462,0.512377
2025-08-14T02:22:43.190000,1.896882,4.903811,0,1.01493,4358.547,0.512377
2025-08-14T02:22:48.202000,1.895255,4.917645,0,1.01493,4358.633,0.512377
2025-08-14T02:22:53.213000,1.898872,4.895198,0,1.01493,4358.718,0.508343
2025-08-14T02:22:58.310000,1.890553,4.883914,0,1.01493,4358.804,0.508343
2025-08-14T02:23:08.419000,1.882776,4.872098,0,1.01493,4358.974,0.508343
2025-08-14T02:23:13.430000,1.891276,4.837726,0,1.01493,4359.077,0.512377
2025-08-14T02:23:18.528000,1.895435,4.844888,0,1.01493,4359.162,0.508343
2025-08-14T02:23:23.539000,1.897606,4.832907,0,1.01493,4359.248,0.512377
2025-08-14T02:23:28.637000,1.888563,4.857234,0,1.01493,4359.333,0.500274
2025-08-14T02:23:33.648000,1.886032,4.860085,0,1.01493,4359.418,0.496239
2025-08-14T02:23:38.746000,1.89435,4.83479,0,1.01493,4359.504,0.500274
2025-08-14T02:23:43.757000,1.895978,4.82393,0,1.01493,4359.589,0.496239
2025-08-14T02:23:48.854000,1.894893,4.856138,0,1.01493,4359.675,0.500274
2025-08-14T02:23:53.866000,1.899595,4.870622,0,1.01493,4359.76,0.496239
2025-08-14T02:23:58.963000,1.897967,4.823372,0,1.01493,4359.846,0.492205
2025-08-14T02:24:03.974000,1.89001,4.818286,0,1.01493,4359.931,0.472032
2025-08-14T02:24:09.072000,1.894893,4.832458,0,1.01493,4360.017,0.467998
2025-08-14T02:24:14.083000,1.897967,4.872405,0,1.01493,4360.102,0.467998
2025-08-14T02:24:19.181000,1.89851,4.946741,0,1.01493,4360.188,0.467998
2025-08-14T02:24:24.192000,1.899414,4.971379,0,1.01493,4360.273,0.467998
2025-08-14T02:24:29.290000,1.895797,5.012939,0,1.01493,4360.358,0.472032
2025-08-14T02:24:34.301000,1.90719,4.991597,0,1.01493,4360.444,0.472032
2025-08-14T02:24:39.398000,1.908637,5.01979,0,1.01493,4360.529,0.467998
2025-08-14T02:24:44.410000,1.895435,4.97177,0,1.01493,4360.615,0.467998
2025-08-14T02:24:49.507000,1.892542,4.859627,0,1.01493,4360.717,0.467998
2025-08-14T02:24:54.518000,1.903574,4.949022,0,1.01493,4360.803,0.463963
2025-08-14T02:24:59.616000,1.907914,5.014018,0,1.01493,4360.888,0.467998
2025-08-14T02:25:04.627000,1.908456,5.036172,0,1.01493,4360.974,0.467998
2025-08-14T02:25:09.725000,1.912254,4.985383,0,1.01493,4361.059,0.463963
2025-08-14T02:25:14.736000,1.895074,4.907754,0,1.01493,4361.145,0.463963
2025-08-14T02:25:19.834000,1.896882,4.852015,0,1.01493,4361.23,0.463963
2025-08-14T02:25:24.845000,1.890733,4.79273,0,1.01493,4361.315,0.463963
2025-08-14T02:25:29.942000,1.890372,4.75175,0,1.01493,4361.401,0.459929
2025-08-14T02:25:34.954000,1.887117,4.68636,0,1.01493,4361.486,0.455894
2025-08-14T02:25:40.051000,1.880968,4.696321,0,1.01493,4361.572,0.459929
2025-08-14T02:25:45.062000,1.875543,4.635875,0,1.01493,4361.657,0.459929
2025-08-14T02:25:50.160000,1.87717,4.59885,0,1.01493,4361.743,0.463963
2025-08-14T02:25:55.171000,1.875362,4.541681,0,1.01493,4361.828,0.463963
2025-08-14T02:26:00.269000,1.886393,4.609124,0,1.01493,4361.914,0.459929
2025-08-14T02:26:05.280000,1.888744,4.674021,0,1.01493,4361.999,0.447825
2025-08-14T02:26:10.378000,1.899595,4.729244,0,1.01493,4362.084,0.45186
2025-08-14T02:26:15.389000,1.89851,4.770947,0,1.01493,4362.17,0.45186
2025-08-14T02:26:20.486000,1.898691,4.822988,0,1.01493,4362.255,0.447825
2025-08-14T02:26:25.498000,1.909361,4.838475,0,1.01493,4362.358,0.45186
2025-08-14T02:26:30.595000,1.908637,4.936065,0,1.01493,4362.443,0.45186
2025-08-14T02:26:35.606000,1.904116,4.929846,0,1.01493,4362.529,0.45186
2025-08-14T02:26:40.704000,1.921477,4.98467,0,1.01493,4362.614,0.520446
2025-08-14T02:26:45.715000,1.897967,5.003516,0,1.01493,4362.7,0.665687
2025-08-14T02:26:50.813000,1.877713,4.780525,0,1.01493,4362.785,0.649549
2025-08-14T02:26:55.824000,1.853299,4.522416,0,1.01493,4362.871,0.621308
2025-08-14T02:27:00.922000,1.845703,4.356952,0,1.01493,4362.956,0.625342
2025-08-14T02:27:05.933000,1.833587,4.200984,0,1.01493,4363.042,0.625342
2025-08-14T02:27:11.030000,1.821289,4.119464,0,1.01493,4363.127,0.467998
2025-08-14T02:27:16.042000,1.811704,4.020401,0,1.01493,4363.212,0.181551
2025-08-14T02:27:21.139000,1.817491,4.004028,0,1.01493,4363.298,0
2025-08-14T02:27:26.150000,1.826353,4.034527,0,1.01493,4363.383,0
2025-08-14T02:27:31.248000,1.827438,4.073029,0,1.01493,4363.469,0
2025-08-14T02:27:36.259000,1.826353,4.054258,0,1.01493,4363.554,0
2025-08-14T02:27:41.357000,1.82997,4.051912,0,1.01493,4363.64,0
2025-08-14T02:27:46.368000,1.82798,4.026033,0,1.01493,4363.725,0
2025-08-14T02:27:51.466000,1.815321,3.985707,0,1.01493,4363.811,0
2025-08-14T02:27:56.477000,1.611328,3.770159,0,1.01493,4363.896,0
2025-08-14T02:28:01.574000,1.820385,2.21068,0,1.01493,4363.999,0
2025-08-14T02:28:06.586000,0.624819,0.148469,0,0,4364.048,0
2025-08-14T02:28:11.683000,0.030924,0.152995,0,0,4364.048,0
2025-08-14T02:28:16.694000,0.020797,0.149846,0,0,4364.048,0
2025-08-14T02:28:21.792000,0.018627,0.149024,0,0,4364.048,0
2025-08-14T02:28:26.803000,0.01718,0.143928,0,0,4364.048,0
2025-08-14T02:28:31.901000,0.015914,0.143992,0,0,4364.048,0
2025-08-14T02:28:36.912000,0.015372,0.181324,0,0,4364.048,0
2025-08-14T02:28:42.010000,0.014648,0.186406,0,0,4364.048,0
2025-08-14T02:28:47.021000,0.014287,0.225271,0,0,4364.048,0
2025-08-14T02:28:52.118000,0.013744,0.304856,0,0,4364.048,0
2025-08-14T02:28:57.130000,0.013202,0.47576,0,0,4364.048,0
2025-08-14T02:29:02.227000,0.012478,0.913941,0,0.135324,4364.052,0
2025-08-14T02:29:07.238000,0.012297,0.337744,0,0,4364.059,0
2025-08-14T02:29:12.336000,0.012297,0.40106,0,0,4364.059,0
2025-08-14T02:29:17.347000,0.011755,0.488257,0,0.135324,4364.063,0
2025-08-14T02:29:22.445000,0.011393,0.586423,0,0.172914,4364.076,0
2025-08-14T02:29:27.456000,0.011032,0.571257,0,0.172914,4364.091,0
2025-08-14T02:29:32.554000,0.01067,0.406189,0,0.127806,4364.108,0
2025-08-14T02:29:37.565000,0.01067,0.388283,0,0.135324,4364.118,0
2025-08-14T02:29:42.662000,0.010489,0.325277,0,0.15036,4364.13,0
2025-08-14T02:29:47.674000,0.009946,0.331684,0,0.157878,4364.143,0
2025-08-14T02:29:52.771000,0.009946,0.341122,0,0.157878,4364.155,0
2025-08-14T02:29:57.782000,0.009766,0.330935,0,0.157878,4364.167,0
2025-08-14T02:30:02.880000,0.009223,0.331517,0,0.157878,4364.179,0
2025-08-14T02:30:07.891000,0.009585,0.214697,0,0,4364.191,0
2025-08-14T02:30:12.989000,0.009223,0.219293,0,0,4364.191,0
2025-08-14T02:30:18,0.009042,0.231192,0,0,4364.191,0
2025-08-14T02:30:23.098000,0.009042,0.229365,0,0,4364.191,0
2025-08-14T02:30:28.109000,0.009042,0.230066,0,0,4364.191,0
2025-08-14T02:30:33.206000,0.008861,0.225008,0,0,4364.191,0
2025-08-14T02:30:38.218000,0.008861,0.224077,0,0,4364.191,0
2025-08-14T02:30:43.315000,0.008681,0.232891,0,0,4364.191,0
2025-08-14T02:30:48.326000,0.008681,0.154646,0,0,4364.191,0
2025-08-14T02:30:53.424000,0.008681,0.151358,0,0,4364.191,0
2025-08-14T02:30:58.435000,0.008319,0.126937,0,0,4364.191,0
2025-08-14T02:31:03.533000,0.008319,0.137674,0,0,4364.191,0
2025-08-14T02:31:08.544000,0.008138,0.143894,0,0,4364.191,0
2025-08-14T02:31:13.642000,0.008681,0.137443,0,0,4364.191,0
2025-08-14T02:31:18.653000,0.008138,0.137697,0,0,4364.191,0.346964
2025-08-14T02:31:23.750000,0.007957,0.136625,0,0,4364.191,1.351546
2025-08-14T02:31:28.762000,0.007776,0.148273,0,0,4364.191,1.117547
2025-08-14T02:31:33.859000,0.007776,0.596196,0,0,4364.191,1.09334
2025-08-14T02:31:38.870000,0.007415,0.685308,0,0,4364.191,1.065099
2025-08-14T02:31:43.968000,0.007234,0.705917,0,0,4364.191,1.065099
2025-08-14T02:31:48.979000,0.007053,0.714542,0,0,4364.191,0.911789
2025-08-14T02:31:54.077000,0.981626,0.71399,0,0,4364.191,0
2025-08-14T02:31:59.088000,1.266095,0.71322,0,0,4364.191,0
2025-08-14T02:32:09.197000,1.429579,0.716809,0,0,4364.191,0
2025-08-14T02:32:14.294000,1.449291,0.71958,0,0,4364.191,0
2025-08-14T02:32:19.306000,1.453089,0.726437,0,0,4364.191,0
2025-08-14T02:32:24.403000,1.461227,0.724735,0,0,4364.191,0
2025-08-14T02:32:29.414000,1.454536,0.10584,0,0,4364.191,0
2025-08-14T02:32:34.512000,1.456887,0.074799,0,0,4364.191,0
2025-08-14T02:32:39.523000,1.460503,0.065178,0,0,4364.191,0
2025-08-14T02:32:44.621000,1.483832,0.064626,0,0,4364.191,0
2025-08-14T02:32:49.632000,1.474971,0.069635,0,0,4364.191,0
2025-08-14T02:32:54.730000,1.461227,0.066866,0,0,4364.191,0
2025-08-14T02:32:59.741000,1.472982,0.067438,0,0,4364.191,0
2025-08-14T02:33:04.838000,1.479311,0.067619,0,0,4364.191,0
2025-08-14T02:33:09.850000,1.481301,0.066864,0,0,4364.191,0
2025-08-14T02:33:14.947000,1.465025,0.056672,0,0,4364.191,0
2025-08-14T02:33:19.958000,1.487088,0.064598,0,0,4364.191,0
2025-08-14T02:33:25.056000,1.45761,0.061196,0,0,4364.191,0
2025-08-14T02:33:30.067000,1.465386,0.060051,0,0,4364.191,0
2025-08-14T02:33:35.165000,1.476418,0.067558,0,0,4364.191,0
2025-08-14T02:33:40.176000,1.488534,0.067427,0,0,4364.191,0
2025-08-14T02:33:45.274000,1.473705,0.067998,0,0,4364.191,0
2025-08-14T02:33:50.285000,1.477322,0.069068,0,0,4364.191,0
2025-08-14T02:33:55.382000,1.477503,0.077622,0,0,4364.191,0.169448
2025-08-14T02:34:00.394000,1.453631,0.077015,0,0,4364.191,0.165413
2025-08-14T02:34:05.491000,1.437717,0.069194,0,0,4364.191,0.169448
2025-08-14T02:34:10.502000,1.463578,0.070261,0,0,4364.191,0.169448
2025-08-14T02:34:15.600000,1.42343,0.074793,0,0,4364.191,0
2025-08-14T02:34:20.611000,1.408782,0.066347,0,0,4364.191,0
2025-08-14T02:34:25.709000,1.426866,0.211983,0,0,4364.191,0
2025-08-14T02:34:30.720000,1.463759,0.329208,0,0,4364.191,0
2025-08-14T02:34:35.818000,1.442057,0.477124,0,0,4364.191,0
2025-08-14T02:34:40.829000,1.318902,0.463139,0,0,4364.191,0
2025-08-14T02:34:45.926000,1.129919,0.47825,0,0,4364.191,0
2025-08-14T02:34:50.938000,1.132813,0.478803,0,0,4364.191,0.169448
2025-08-14T02:34:56.035000,1.134802,0.470758,0,0,4364.191,0
2025-08-14T02:35:01.046000,1.1386,0.440855,0,0,4364.191,0
2025-08-14T02:35:06.144000,1.141855,0.436787,0,0,4364.191,0
2025-08-14T02:35:11.155000,1.145833,0.406976,0,0,4364.191,0
2025-08-14T02:35:21.264000,1.146195,0.837722,0,0,4364.191,0
2025-08-14T02:35:26.275000,1.14728,0.872825,0,0,4364.191,0
2025-08-14T02:35:31.373000,1.146557,0.870939,0,0,4364.191,0
2025-08-14T02:35:36.384000,1.168077,0.873211,0,0,4364.191,0
2025-08-14T02:35:41.482000,1.160663,0.875408,0,0,4364.191,0
2025-08-14T02:35:46.493000,1.161567,0.869812,0,0,4364.191,0
2025-08-14T02:35:51.590000,1.166992,0.870447,0,0,4364.191,0
2025-08-14T02:35:56.602000,1.169886,0.865928,0,0,4364.191,0
2025-08-14T02:36:01.699000,1.168077,0.881263,0,0,4364.191,0
2025-08-14T02:36:06.710000,1.166992,0.87377,0,0,4364.191,0
2025-08-14T02:36:11.808000,1.166631,0.872098,0,0,4364.191,0
2025-08-14T02:36:16.819000,1.167173,0.873771,0,0,4364.191,0.165413
2025-08-14T02:36:21.917000,1.168981,0.868672,0,0,4364.191,0.169448
2025-08-14T02:36:26.928000,1.168439,0.872637,0,0,4364.191,0.169448
2025-08-14T02:36:32.026000,1.173503,0.863067,0,0,4364.191,0.169448
2025-08-14T02:36:37.037000,1.172598,0.862434,0,0,4364.191,0.169448
2025-08-14T02:36:42.134000,1.177119,0.86015,0,0,4364.191,0
2025-08-14T02:36:47.146000,1.177119,0.858912,0,0,4364.191,0
2025-08-14T02:36:52.243000,1.15361,0.856213,0,0,4364.191,0
2025-08-14T02:36:57.254000,1.160663,0.029536,0,0,4364.191,0
2025-08-14T02:37:02.352000,1.158131,0.029718,0,0,4364.191,0
2025-08-14T02:37:07.363000,1.157407,0.030038,0,0,4364.191,0
2025-08-14T02:37:12.461000,1.157588,0.022645,0,0,4364.191,0
2025-08-14T02:37:17.472000,1.158854,0.013915,0,0,4364.191,0
2025-08-14T02:37:22.570000,1.159035,0.015303,0,0,4364.191,0
2025-08-14T02:37:27.581000,1.158854,0.015873,0,0,4364.191,0
2025-08-14T02:37:32.678000,1.159035,0.020085,0,0,4364.191,0
2025-08-14T02:37:37.690000,1.158492,0.020085,0,0,4364.191,0
2025-08-14T02:37:42.787000,1.157407,0.02323,0,0,4364.191,0
2025-08-14T02:37:47.798000,1.113281,0.018168,0,0,4364.191,0
2025-08-14T02:37:52.896000,0.063838,0.042184,0,0,4364.191,0
2025-08-14T02:37:57.907000,0.045392,0.022667,0,0,4364.191,0
2025-08-14T02:38:03.005000,0.009223,0.013593,0,0,4364.191,0
2025-08-14T02:38:08.016000,0.975297,-0.004344,0,0,4364.191,0
2025-08-14T02:38:13.114000,0.987956,-0.004529,0,0,4364.191,0
2025-08-14T02:38:18.125000,0.570747,-0.010234,0,0,4364.191,0
2025-08-14T02:38:23.222000,1.101165,-0.0034,0,0,4364.191,0
2025-08-14T02:38:28.234000,1.16645,-0.002268,0,0,4364.191,0
2025-08-14T02:38:33.331000,1.152163,-0.001686,0,0,4364.191,0
2025-08-14T02:38:38.342000,1.088867,-0.005288,0,0,4364.191,0
2025-08-14T02:38:43.440000,1.091942,-0.004536,0,0,4364.191,0
2025-08-14T02:38:48.451000,1.092484,-0.011823,0,0,4364.191,0
2025-08-14T02:38:53.549000,1.093931,-0.011459,0,0,4364.191,0
2025-08-14T02:38:58.560000,1.092303,-0.016999,0,0,4364.191,0
2025-08-14T02:39:03.658000,1.094835,-0.026067,0,0,4364.191,0
2025-08-14T02:39:08.669000,1.095558,-0.024891,0,0,4364.191,0.169448
2025-08-14T02:39:13.766000,1.093207,-0.026192,0,0,4364.191,0.169448
2025-08-14T02:39:18.778000,1.094835,-0.0289,0,0,4364.191,0
2025-08-14T02:39:23.875000,1.094293,-0.021595,0,0,4364.191,0
2025-08-14T02:39:28.886000,1.09375,-0.013034,0,0,4364.191,0
2025-08-14T02:39:33.984000,1.095016,0.000562,0,0,4364.191,0
2025-08-14T02:39:38.995000,1.094293,-0.012956,0,0,4364.191,0
2025-08-14T02:39:44.093000,1.094293,-0.018006,0,0,4364.191,0
2025-08-14T02:39:49.104000,1.094654,-0.012469,0,0,4364.191,0
2025-08-14T02:39:54.202000,1.093931,-0.023177,0,0,4364.191,0
2025-08-14T02:39:59.213000,1.095197,-0.0136,0,0,4364.191,0
2025-08-14T02:40:04.310000,1.095016,-0.003969,0,0,4364.191,0
2025-08-14T02:40:09.322000,1.09375,-0.014705,0,0,4364.191,0
2025-08-14T02:40:14.419000,1.094654,-0.01215,0,0,4364.191,0
2025-08-14T02:40:19.430000,1.093931,-0.007364,0,0,4364.191,0
2025-08-14T02:40:24.528000,1.094293,-0.009052,0,0,4364.191,0
2025-08-14T02:40:29.539000,1.094112,-0.011521,0,0,4364.191,0
2025-08-14T02:40:34.637000,1.093931,-0.007363,0,0,4364.191,0
2025-08-14T02:40:39.648000,1.095016,0.001132,0,0,4364.191,0
2025-08-14T02:40:44.746000,1.094293,-0.001112,0,0,4364.191,0
2025-08-14T02:40:49.757000,1.095197,0.004911,0,0,4364.191,0
2025-08-14T02:40:54.854000,1.094293,-0.002842,0,0,4364.191,0
2025-08-14T02:40:59.866000,1.094654,-0.001119,0,0,4364.191,0
2025-08-14T02:41:04.963000,1.093931,-0.001951,0,0,4364.191,0
2025-08-14T02:41:09.974000,1.09375,0.001134,0,0,4364.191,0
2025-08-14T02:41:15.072000,1.094112,0.012893,0,0,4364.191,0
2025-08-14T02:41:20.083000,1.09375,0.003463,0,0,4364.191,0
2025-08-14T02:41:25.181000,1.094112,0.005663,0,0,4364.191,0
2025-08-14T02:41:30.192000,1.093931,0.003953,0,0,4364.191,0
2025-08-14T02:41:35.290000,1.093931,0.004219,0,0,4364.191,0
2025-08-14T02:41:40.301000,1.094112,0.010194,0,0,4364.191,0
2025-08-14T02:41:45.398000,1.094654,0.011312,0,0,4364.191,0
2025-08-14T02:41:50.410000,1.094293,0.011081,0,0,4364.191,0
2025-08-14T02:41:55.507000,1.094112,0.010195,0,0,4364.191,0
2025-08-14T02:42:00.518000,1.094654,0.009038,0,0,4364.191,0
2025-08-14T02:42:05.616000,1.094112,0.008751,0,0,4364.191,0
2025-08-14T02:42:10.627000,1.093388,0.010204,0,0,4364.191,0
2025-08-14T02:42:15.725000,1.093388,0.002267,0,0,4364.191,0
2025-08-14T02:42:20.736000,1.095197,0.00901,0,0,4364.191,0
2025-08-14T02:42:25.834000,1.094112,0.004219,0,0,4364.191,0
2025-08-14T02:42:30.845000,1.093388,0.002836,0,0,4364.191,0
2025-08-14T02:42:35.942000,1.093207,0.00396,0,0,4364.191,0
2025-08-14T02:42:40.954000,1.093207,0.011459,0,0,4364.191,0
2025-08-14T02:42:46.051000,1.093027,0.006794,0,0,4364.191,0
2025-08-14T02:42:51.062000,1.09375,0.0034,0,0,4364.191,0
2025-08-14T02:42:56.160000,1.092846,-0.002266,0,0,4364.191,0
2025-08-14T02:43:01.171000,1.09375,-0.001129,0,0,4364.191,0
2025-08-14T02:43:06.269000,1.092484,-0.003351,0,0,4364.191,0
2025-08-14T02:43:11.280000,1.093388,-0.000252,0,0,4364.191,0
2025-08-14T02:43:16.378000,1.094112,0.001136,0,0,4364.191,0
2025-08-14T02:43:21.389000,1.093207,0.001063,0,0,4364.191,0.169448
2025-08-14T02:43:26.486000,1.09375,-6.3e-05,0,0,4364.191,0.169448
2025-08-14T02:43:31.498000,1.094112,2e-06,0,0,4364.191,0
2025-08-14T02:43:36.595000,1.094293,-0.00624,0,0,4364.191,0
2025-08-14T02:43:41.606000,1.09375,6.3e-05,0,0,4364.191,0
2025-08-14T02:43:46.704000,1.093027,-2e-06,0,0,4364.191,0
2025-08-14T02:43:51.715000,1.092484,-0.003397,0,0,4364.191,0
2025-08-14T02:43:56.813000,1.093388,0.002819,0,0,4364.191,0
2025-08-14T02:44:01.824000,1.092484,0.000125,0,0,4364.191,0
2025-08-14T02:44:06.922000,1.093027,0.001136,0,0,4364.191,0
2025-08-14T02:44:11.933000,1.092846,0.006198,0,0,4364.191,0
2025-08-14T02:44:17.030000,1.093027,0.00233,0,0,4364.191,0
2025-08-14T02:44:22.042000,1.09375,0.0051,0,0,4364.191,0
2025-08-14T02:44:27.139000,1.093027,0.003379,0,0,4364.191,0
2025-08-14T02:44:32.150000,1.092484,0.004407,0,0,4364.191,0
2025-08-14T02:44:37.248000,1.092484,0.002268,0,0,4364.191,0
2025-08-14T02:44:42.259000,1.095558,0.063402,0,0,4364.191,0
2025-08-14T02:44:47.357000,1.093388,0.141221,0,0.135324,4364.191,0
2025-08-14T02:44:52.368000,1.095739,0.177382,0,0.180432,4364.204,0
2025-08-14T02:45:02.477000,1.096101,0.155324,0,0.210504,4364.238,0
2025-08-14T02:45:07.574000,1.095197,0.227765,0,0.218022,4364.255,0
2025-08-14T02:45:12.586000,1.095016,0.238048,0,0.218022,4364.272,0
2025-08-14T02:45:17.683000,1.093388,0.232701,0,0.218022,4364.289,0
2025-08-14T02:45:22.694000,1.093931,0.227416,0,0.218022,4364.31,0
2025-08-14T02:45:27.792000,1.092846,0.202296,0,0.218022,4364.327,0
2025-08-14T02:45:32.803000,1.092122,0.219873,0,0.218022,4364.344,0
2025-08-14T02:45:37.901000,1.093207,0.208335,0,0.218022,4364.361,0
2025-08-14T02:45:42.912000,1.094654,0.211337,0,0.218022,4364.378,0
2025-08-14T02:45:48.010000,1.094112,0.216977,0,0.218022,4364.395,0
2025-08-14T02:45:53.021000,1.093931,0.204056,0,0.218022,4364.412,0
2025-08-14T02:45:58.118000,1.094654,0.205128,0,0.218022,4364.43,0
2025-08-14T02:46:03.130000,1.093027,0.175213,0,0.218022,4364.447,0
2025-08-14T02:46:13.238000,1.093388,0.173351,0,0.22554,4364.482,0
2025-08-14T02:46:18.336000,1.090314,0.165272,0,0.218022,4364.5,0
2025-08-14T02:46:23.347000,1.090676,0.161555,0,0.218022,4364.518,0
2025-08-14T02:46:28.358000,1.092484,0.139391,0,0.218022,4364.535,0
2025-08-14T02:46:33.456000,1.092484,0.150064,0,0.218022,4364.552,0
2025-08-14T02:46:38.467000,1.091942,0.136062,0,0.218022,4364.57,0
2025-08-14T02:46:43.565000,1.092303,0.127534,0,0.218022,4364.587,0
2025-08-14T02:46:48.576000,1.09158,0.133491,0,0.218022,4364.604,0
2025-08-14T02:46:53.674000,1.093027,0.124414,0,0.218022,4364.622,0
2025-08-14T02:46:58.685000,1.092122,0.147893,0,0.218022,4364.644,0
2025-08-14T02:47:03.782000,1.092122,0.149568,0,0.218022,4364.662,0
2025-08-14T02:47:08.794000,1.092122,0.147839,0,0.218022,4364.679,0
2025-08-14T02:47:13.891000,1.092122,0.132775,0,0.218022,4364.696,0
2025-08-14T02:47:18.902000,1.092846,0.14554,0,0.218022,4364.714,0
2025-08-14T02:47:24,1.092846,0.153932,0,0.22554,4364.731,0
2025-08-14T02:47:29.011000,1.093931,0.14544,0,0.218022,4364.749,0
2025-08-14T02:47:34.109000,1.091399,0.113897,0,0.218022,4364.767,0
2025-08-14T02:47:39.120000,1.093388,0.11843,0,0.218022,4364.784,0.173482
2025-08-14T02:47:44.218000,1.093931,0.127625,0,0.218022,4364.802,0.173482
2025-08-14T02:47:49.229000,1.092484,0.12356,0,0.218022,4364.819,0.173482
2025-08-14T02:47:54.326000,1.09375,0.118136,0,0.22554,4364.836,0.173482
2025-08-14T02:47:59.338000,1.09592,0.134298,0,0.22554,4364.854,0.173482
2025-08-14T02:48:04.435000,1.095739,0.149045,0,0.218022,4364.872,0
2025-08-14T02:48:09.446000,1.098633,0.133869,0,0.218022,4364.889,0
2025-08-14T02:48:14.544000,1.099175,0.136936,0,0.218022,4364.907,0
2025-08-14T02:48:19.555000,1.097729,0.160893,0,0.218022,4364.925,0
2025-08-14T02:48:24.653000,1.097729,0.16686,0,0.218022,4364.942,0
2025-08-14T02:48:29.664000,1.097005,0.159539,0,0.218022,4364.959,0
2025-08-14T02:48:34.762000,1.097909,0.142985,0,0.218022,4364.98,0
2025-08-14T02:48:39.773000,1.10026,0.131465,0,0.218022,4364.998,0
2025-08-14T02:48:44.870000,1.098452,0.127594,0,0.218022,4365.016,0
2025-08-14T02:48:49.882000,1.097367,0.126241,0,0.218022,4365.033,0
2025-08-14T02:48:54.979000,1.098271,0.151339,0,0.218022,4365.05,0
2025-08-14T02:48:59.990000,1.100622,0.168546,0,0.22554,4365.068,0
2025-08-14T02:49:05.088000,1.100622,0.165652,0,0.218022,4365.085,0
2025-08-14T02:49:10.099000,1.10008,0.18417,0,0.218022,4365.103,0
2025-08-14T02:49:15.197000,1.099175,0.180893,0,0.218022,4365.12,0
2025-08-14T02:49:20.208000,1.097548,0.180948,0,0.218022,4365.138,0
2025-08-14T02:49:25.306000,1.100984,0.189822,0,0.22554,4365.155,0
2025-08-14T02:49:30.317000,1.10008,0.200362,0,0.218022,4365.173,0
2025-08-14T02:49:35.414000,1.101526,0.193789,0,0.22554,4365.19,0
2025-08-14T02:49:40.426000,1.099537,0.198284,0,0.218022,4365.208,0
2025-08-14T02:49:45.523000,1.098633,0.191296,0,0.218022,4365.225,0
2025-08-14T02:49:50.534000,1.099537,0.188818,0,0.218022,4365.242,0
2025-08-14T02:49:55.632000,1.101346,0.166029,0,0.218022,4365.26,0
2025-08-14T02:50:00.643000,1.097367,0.172135,0,0.218022,4365.277,0
2025-08-14T02:50:05.741000,1.100441,0.163827,0,0.218022,4365.294,0
2025-08-14T02:50:10.752000,1.098452,0.167539,0,0.218022,4365.315,0
2025-08-14T02:50:15.850000,1.098452,0.181346,0,0.218022,4365.333,0
2025-08-14T02:50:20.861000,1.088867,0.179697,0,0.218022,4365.35,0
2025-08-14T02:50:25.958000,1.107494,0.174275,0,0.22554,4365.368,0
2025-08-14T02:50:30.970000,1.101888,0.183036,0,0.218022,4365.385,0
2025-08-14T02:50:36.067000,1.088325,0.176836,0,0.218022,4365.402,0
2025-08-14T02:50:41.078000,1.065357,0.182585,0,0.218022,4365.419,0
2025-08-14T02:50:46.176000,1.034433,0.175651,0,0.218022,4365.437,0
2025-08-14T02:50:51.187000,0.895363,0.172821,0,0.218022,4365.454,0
2025-08-14T02:50:56.285000,0.811632,0.160678,0,0.218022,4365.471,0
2025-08-14T02:51:01.296000,0.630425,0.16094,0,0.218022,4365.488,0
2025-08-14T02:51:11.405000,0.562247,0.171505,0,0.218022,4365.522,0.173482
2025-08-14T02:51:16.416000,0.739837,0.16604,0,0.218022,4365.539,0.177516
2025-08-14T02:51:21.514000,0.761538,0.166433,0,0.218022,4365.557,0.173482
2025-08-14T02:51:26.611000,1.114185,0.171188,0,0.218022,4365.574,0.177516
2025-08-14T02:51:31.622000,1.110207,0.152978,0,0.218022,4365.591,0.173482
2025-08-14T02:51:41.731000,1.336986,0.12202,0,0.218022,4365.626,0.177516
2025-08-14T02:51:46.829000,1.334635,0.129762,0,0.22554,4365.643,0.177516
2025-08-14T02:51:51.840000,3.352684,0.116732,0,0.22554,4365.664,0.173482
2025-08-14T02:51:56.851000,1.230288,0.128048,0,0.218022,4365.682,0
2025-08-14T02:52:01.949000,0.850875,0.143299,0,0.218022,4365.699,0
2025-08-14T02:52:06.960000,0.981807,0.103724,0,0.218022,4365.716,0
2025-08-14T02:52:12.058000,0.979818,0.094833,0,0.218022,4365.733,0
2025-08-14T02:52:22.166000,0.983796,0.103106,0,0.218022,4365.768,0
2025-08-14T02:52:27.178000,2.712854,0.108628,0,0.218022,4365.785,0
2025-08-14T02:52:32.275000,2.712854,0.100106,0,0.218022,4365.802,0
2025-08-14T02:52:37.286000,2.712854,0.069691,0,0.218022,4365.819,0
2025-08-14T02:52:42.384000,2.712854,0.078015,0,0.218022,4365.837,0
2025-08-14T02:52:47.395000,2.712854,0.079204,0,0.218022,4365.854,0
2025-08-14T02:52:52.493000,0.338903,0.081588,0,0.218022,4365.871,0
2025-08-14T02:52:57.504000,-0.013021,0.084865,0,0.218022,4365.889,0.173482
2025-08-14T02:53:02.602000,-0.016276,0.076814,0,0.218022,4365.906,0.177516
2025-08-14T02:53:07.613000,-0.016457,0.082174,0,0.218022,4365.923,0.177516
2025-08-14T02:53:12.710000,-0.016276,0.073874,0,0.22554,4365.94,0.177516
2025-08-14T02:53:17.722000,-0.016276,0.055849,0,0.218022,4365.958,0.177516
2025-08-14T02:53:22.819000,3.356662,0.08978,0,0.218022,4365.979,0.173482
2025-08-14T02:53:27.830000,3.369141,0.085565,0,0.218022,4365.996,0
2025-08-14T02:53:32.928000,3.369683,0.084878,0,0.218022,4366.013,0
2025-08-14T02:53:43.037000,2.709599,0.052708,0,0.172914,4366.048,0
2025-08-14T02:53:48.048000,4.474103,0.031236,0,0,4366.055,0
2025-08-14T02:53:53.146000,0.042318,0.032299,0,0,4366.055,0
2025-08-14T02:53:58.157000,0.352286,0.028332,0,0,4366.055,0
2025-08-14T02:54:03.254000,0.988498,0.021512,0,0,4366.055,0
2025-08-14T02:54:08.266000,0.98669,0.022037,0,0,4366.055,0
2025-08-14T02:54:13.363000,0.987232,0.031172,0,0,4366.055,0
2025-08-14T02:54:18.374000,0.987956,0.03062,0,0,4366.055,0
2025-08-14T02:54:23.472000,0.892108,0.029591,0,0,4366.055,0
2025-08-14T02:54:28.483000,0.573098,0.019268,0,0,4366.055,0
2025-08-14T02:54:33.581000,0.991753,0.023233,0,0,4366.055,0
2025-08-14T02:54:34.099000,,,,,,
